"Key","Item Type","Publication Year","Author","Title","Publication Title","ISBN","ISSN","DOI","Url","Abstract Note","Date","Date Added","Date Modified","Access Date","Pages","Num Pages","Issue","Volume","Number Of Volumes","Journal Abbreviation","Short Title","Series","Series Number","Series Text","Series Title","Publisher","Place","Language","Rights","Type","Archive","Archive Location","Library Catalog","Call Number","Extra","Notes","File Attachments","Link Attachments","Manual Tags","Automatic Tags","Editor","Series Editor","Translator","Contributor","Attorney Agent","Book Author","Cast Member","Commenter","Composer","Cosponsor","Counsel","Interviewer","Producer","Recipient","Reviewed Author","Scriptwriter","Words By","Guest","Number","Edition","Running Time","Scale","Medium","Artwork Size","Filing Date","Application Number","Assignee","Issuing Authority","Country","Meeting Name","Conference Name","Court","References","Reporter","Legal Status","Priority Numbers","Programming Language","Version","System","Code","Code Number","Section","Session","Committee","History","Legislative Body"
"ZPAH9WZW","journalArticle","1994","Espinosa, Gerardo; Ortega, Romeo","State observers are unnecessary for induction motor control","Systems & Control Letters","","01676911","10.1016/0167-6911(94)90063-9","https://linkinghub.elsevier.com/retrieve/pii/0167691194900639","","1994-11","2026-08-23 21:37:53","2026-08-23 22:23:26","2026-08-23 21:37:53","315-323","","5","23","","Systems & Control Letters","","","","","","","","en","https://www.elsevier.com/tdm/userlicense/1.0/","","","","DOI.org (Crossref)","","","","C:\Users\damia\Zotero\storage\JVRFJDRW\Espinosa y Ortega - 1994 - State observers are unnecessary for induction motor control.pdf","","Ecuaciones","","","","","","","","","","","","","","","","","","","","","","","","","","","","","","","","","","","","","","","","","","","","","","",""
"FFGPRBVU","thesis","2014","Picatoste Ruilope, Ricardo","Modelling and Control of Stepper Motors for HighAccuracy Positioning Systems Used in RadioactiveEnvironments","","","","10.20868/UPM.thesis.32464","http://oa.upm.es/32464/","","2014-10-17","2026-08-23 21:38:07","2026-08-23 22:06:53","2026-08-23 21:38:07","","","","","","","","","","","","Universidad Politécnica de Madrid","","","","PhD Thesis","","","DOI.org (Crossref)","","","","C:\Users\damia\Zotero\storage\9KZP9VU4\Picatoste Ruilope - 2014 - Modelling and Control of Stepper Motors for HighAccuracy Positioning Systems Used in RadioactiveEnvi.pdf","","STEPPER; SENSORLESS; Disturbed observer; Cogging; Ecuaciones","","","","","","","","","","","","","","","","","","","","","","","","","","","","","","","","","","","","","","","","","","","","","","",""
"5Z35LY93","journalArticle","2021","Bu, Feifei; Yang, Zhida; Gao, Yu; Pan, Zihao; Pu, Tianyu; Degano, Michele; Gerada, Chris","Speed Ripple Reduction of Direct-Drive PMSM Servo System at Low-Speed Operation Using Virtual Cogging Torque Control Method","IEEE Transactions on Industrial Electronics","","0278-0046, 1557-9948","10.1109/TIE.2019.2962400","https://ieeexplore.ieee.org/document/8949446/","","2021-01","2026-08-23 21:38:12","2026-08-23 22:19:06","2026-08-23 21:38:12","160-174","","1","68","","IEEE Trans. Ind. Electron.","","","","","","","","","https://ieeexplore.ieee.org/Xplorehelp/downloads/license-information/IEEE.html","","","","DOI.org (Crossref)","","","","C:\Users\damia\Zotero\storage\SMS3UKH2\Bu et al. - 2021 - Speed Ripple Reduction of Direct-Drive PMSM Servo System at Low-Speed Operation Using Virtual Coggin.pdf","","PMSM; SENSORLESS; Cogging; Low-speed; Ecuaciones","","","","","","","","","","","","","","","","","","","","","","","","","","","","","","","","","","","","","","","","","","","","","","",""
"FTGUHH3X","conferencePaper","2022","Houari, A.; Bouabdallah, A.; Djerioui, A.; Machmoum, M.; Benkhoris, M. F.; Tir, Z.","Speed Ripples Reduction of PMSM Drives under Low-Speed Working Conditions","2022 IEEE International Conference on Electrical Sciences and Technologies in Maghreb (CISTEM)","978-1-6654-5168-0","","10.1109/CISTEM55808.2022.10043889","https://ieeexplore.ieee.org/document/10043889/","","2022-10-26","2026-08-23 21:38:16","2026-08-23 22:23:08","2026-08-23 21:38:16","1-6","","","","","","","","","","","IEEE","Tunis, Tunisia","","https://doi.org/10.15223/policy-029","","","","DOI.org (Crossref)","","","","C:\Users\damia\Zotero\storage\XMCJLQFS\Houari et al. - 2022 - Speed Ripples Reduction of PMSM Drives under Low-Speed Working Conditions.pdf","","PMSM; Cogging; Ecuaciones","","","","","","","","","","","","","","","","","","","","","","","","","","","","","","","","2022 IEEE International Conference on Electrical Sciences and Technologies in Maghreb (CISTEM)","","","","","","","","","","","","","","",""
"ZHDQWY7E","conferencePaper","2019","Guzinski, Jaroslaw; Morawiec, Marcin; Krzeminski, Zbigniew; Luksza, Krzysztof; Strankowski, Patryk; Kouzou, Abdellah","Sensorless Low Speed PMSM Motor Control with Cogging Torque Compensation","2019 2nd International Conference on Smart Grid and Renewable Energy (SGRE)","978-1-7281-2960-0","","10.1109/SGRE46976.2019.9021019","https://ieeexplore.ieee.org/document/9021019/","","2019-11","2026-08-23 21:38:18","2026-08-23 22:16:57","2026-08-23 21:38:18","1-6","","","","","","","","","","","IEEE","Doha, Qatar","","https://ieeexplore.ieee.org/Xplorehelp/downloads/license-information/IEEE.html","","","","DOI.org (Crossref)","","","","C:\Users\damia\Zotero\storage\KNHCCB56\Guzinski et al. - 2019 - Sensorless Low Speed PMSM Motor Control with Cogging Torque Compensation.pdf","","PMSM; SENSORLESS; Disturbed observer; Cogging; Low-speed","","","","","","","","","","","","","","","","","","","","","","","","","","","","","","","","2019 2nd International Conference on Smart Grid and Renewable Energy (SGRE)","","","","","","","","","","","","","","",""
"XLFP93HT","journalArticle","2015","Maurelia, Eduardo; Espinoza, Jose R.; Silva, Cesar A.; Rojas, Christian A.; Melin, Pedro E.; Espinosa, Eduardo E.","An Operating Condition-Based Scheme to Alternate Between Control Strategies for Improved Steady-State and Transient Behavior","IEEE Transactions on Industrial Informatics","","1551-3203, 1941-0050","10.1109/TII.2015.2481791","http://ieeexplore.ieee.org/document/7275173/","","2015-12","2026-08-23 21:38:28","2026-08-23 21:59:16","2026-08-23 21:38:28","1246-1254","","6","11","","IEEE Trans. Ind. Inf.","","","","","","","","","https://ieeexplore.ieee.org/Xplorehelp/downloads/license-information/IEEE.html","","","","DOI.org (Crossref)","","","","C:\Users\damia\Zotero\storage\52R8SW38\Maurelia et al. - 2015 - An Operating Condition-Based Scheme to Alternate Between Control Strategies for Improved Steady-Stat.pdf","","Ecuaciones","","","","","","","","","","","","","","","","","","","","","","","","","","","","","","","","","","","","","","","","","","","","","","",""
"7UX7ZU2M","journalArticle","","Vierbergen, R O","Predicting and Improving the Behaviour of Stepping Motors","","","","","","","","2026-08-23 21:38:30","2026-08-23 22:12:19","","","","","","","","","","","","","","","en","","","","","Zotero","","","","C:\Users\damia\Zotero\storage\M8HQX658\Vierbergen - Predicting and Improving the Behaviour of Stepping Motors.pdf","","Ecuaciones","","","","","","","","","","","","","","","","","","","","","","","","","","","","","","","","","","","","","","","","","","","","","","",""
"HL9QZTWC","conferencePaper","2007","Ferrah, Azzeddine; Bani-Younes, Jehad Al-Khalaf; Bouzguenda, Mounir; Tami, Abdelkader","Sensorless speed and position estimation in a stepper motor","2007 International Aegean Conference on Electrical Machines and Power Electronics","978-1-4244-0890-0 978-1-4244-0891-7","","10.1109/ACEMP.2007.4510515","http://ieeexplore.ieee.org/document/4510515/","","2007-09","2026-08-23 21:38:35","2026-08-23 22:18:08","2026-08-23 21:38:35","297-302","","","","","","","","","","","IEEE","Bodrum, Turkey","","","","","","DOI.org (Crossref)","","","","C:\Users\damia\Zotero\storage\FFQN5G5N\Ferrah et al. - 2007 - Sensorless speed and position estimation in a stepper motor.pdf","","Ecuaciones","","","","","","","","","","","","","","","","","","","","","","","","","","","","","","","","2007 International Aegean Conference on Electrical Machines and Power Electronics (ACEMP) and Electromotion '07","","","","","","","","","","","","","","",""
"QZB3KHEV","journalArticle","2022","Luo, Rongfu; Wang, Zenghui; Sun, Yanxia","Optimized Luenberger Observer-Based PMSM Sensorless Control by PSO","Modelling and Simulation in Engineering","","1687-5605, 1687-5591","10.1155/2022/3328719","https://www.hindawi.com/journals/mse/2022/3328719/","In the real applications, we found that it is difficult to achieve good control performance through manually tuning proportional–integral (PI) parameters of phase locked loop (PLL) and speed-loop of Luenberger observer (LO) for the PMSM sensorless control system. Therefore, this paper is to use the particle swarm optimization (PSO) algorithm to optimize the PI parameters of PLL and speed-loop of Luenberger observer of the system. Firstly, the ranges of PLL parameters are obtained by analyzing the PLL subsystem stability. Then, the ranges of PI parameters of PLL and speed-loop are set based on theoretical estimation and empirical values. The control system model is realized in MATLAB/Simulink that considers the constraints such as the saturation. The integral time absolute error is the objective function, and the PSO with different topologies is used to optimize the PI parameters. The simulation and experimental results show that the proposed method is feasible, and the optimized parameters can effectively improve the precision of position estimation and speed estimation. Moreover, the simulations and experiments are carried out to verify the robustness of the proposed method, and the results show that the optimized system can achieve good performance when there are uncertainties or disturbances.","2022-08-22","2026-08-23 21:38:40","2026-08-23 22:09:09","2026-08-23 21:38:40","1-17","","","2022","","Modelling and Simulation in Engineering","","","","","","","","en","https://creativecommons.org/licenses/by/4.0/","","","","DOI.org (Crossref)","","","","C:\Users\damia\Zotero\storage\PFY569ME\Luo et al. - 2022 - Optimized Luenberger Observer-Based PMSM Sensorless Control by PSO.pdf","","PMSM; SENSORLESS; Low-speed; Ecuaciones","","Al Basir, Fahad","","","","","","","","","","","","","","","","","","","","","","","","","","","","","","","","","","","","","","","","","","","","",""
"PYTMLDP8","journalArticle","2020","Lascu, Cristian; Andreescu, Gheorghe-Daniel","PLL Position and Speed Observer With Integrated Current Observer for Sensorless PMSM Drives","IEEE Transactions on Industrial Electronics","","0278-0046, 1557-9948","10.1109/TIE.2020.2972434","https://ieeexplore.ieee.org/document/8998581/","","2020-07","2026-08-23 21:38:43","2026-08-23 22:10:38","2026-08-23 21:38:43","5990-5999","","7","67","","IEEE Trans. Ind. Electron.","","","","","","","","","https://ieeexplore.ieee.org/Xplorehelp/downloads/license-information/IEEE.html","","","","DOI.org (Crossref)","","","","C:\Users\damia\Zotero\storage\NHX2P9LS\Lascu y Andreescu - 2020 - PLL Position and Speed Observer With Integrated Current Observer for Sensorless PMSM Drives.pdf","","PMSM; SENSORLESS; HFI; Disturbed observer; Low-speed","","","","","","","","","","","","","","","","","","","","","","","","","","","","","","","","","","","","","","","","","","","","","","",""
"QHVIXUIX","conferencePaper","2024","Nicola, Claudiu-Ionel; Nicola, Marcel; Iacob, Andreea; Pîrvu, Cristian","PMSM Sensorless Control System Based on DTC Using FLC and Luenberger-PLL Observer","2024 6th Global Power, Energy and Communication Conference (GPECOM)","979-8-3503-5108-8","","10.1109/GPECOM61896.2024.10582597","https://ieeexplore.ieee.org/document/10582597/","","2024-06-04","2026-08-23 21:38:47","2026-08-23 22:11:43","2026-08-23 21:38:47","138-143","","","","","","","","","","","IEEE","Budapest, Hungary","","https://doi.org/10.15223/policy-029","","","","DOI.org (Crossref)","","","","C:\Users\damia\Zotero\storage\YHP9AKEN\Nicola et al. - 2024 - PMSM Sensorless Control System Based on DTC Using FLC and Luenberger-PLL Observer.pdf","","PMSM; SENSORLESS; Low-speed","","","","","","","","","","","","","","","","","","","","","","","","","","","","","","","","2024 6th Global Power, Energy and Communication Conference (GPECOM)","","","","","","","","","","","","","","",""
"XSGQ6UHT","journalArticle","","Lydell, Emil","Sensorless Hybrid Field-Oriented Control Two-Phase Stepper Motor Driver","","","","","","","","2026-08-23 21:38:56","2026-08-23 22:13:04","","","","","","","","","","","","","","","en","","","","","Zotero","","","","C:\Users\damia\Zotero\storage\EPCN35D3\Lydell - Sensorless Hybrid Field-Oriented Control Two-Phase Stepper Motor Driver.pdf","","STEPPER; SENSORLESS","","","","","","","","","","","","","","","","","","","","","","","","","","","","","","","","","","","","","","","","","","","","","","",""
"6E5KAKPU","conferencePaper","2024","Wen, Sicong; Dou, ManFeng; Zhao, Dongdong; Hua, Zhiguang","A Current Sensorless Model Predictive Current Control Method With Luenberger Observer For PMSM Drives","2024 IEEE 10th International Power Electronics and Motion Control Conference (IPEMC2024-ECCE Asia)","979-8-3503-5133-0","","10.1109/IPEMC-ECCEAsia60879.2024.10567066","https://ieeexplore.ieee.org/document/10567066/","","2024-05-17","2026-08-23 21:38:59","2026-08-23 21:58:14","2026-08-23 21:38:59","2572-2577","","","","","","","","","","","IEEE","Chengdu, China","","https://doi.org/10.15223/policy-029","","","","DOI.org (Crossref)","","","","C:\Users\damia\Zotero\storage\NQBDG66Q\Wen et al. - 2024 - A Current Sensorless Model Predictive Current Control Method With Luenberger Observer For PMSM Drive.pdf","","PMSM; SENSORLESS","","","","","","","","","","","","","","","","","","","","","","","","","","","","","","","","2024 IEEE 10th International Power Electronics and Motion Control Conference (IPEMC2024-ECCE Asia)","","","","","","","","","","","","","","",""
"4EPIXPXD","conferencePaper","1989","Zribi, M.; Chiasson, J.","Exact Linearization Control of a PM Stepper Motor","1989 American Control Conference","","","10.23919/ACC.1989.4790211","https://ieeexplore.ieee.org/document/4790211/","","1989-06","2026-08-23 21:39:05","2026-08-23 22:01:18","2026-08-23 21:39:04","320-321","","","","","","","","","","","IEEE","Pittsburgh, PA, USA","","","","","","DOI.org (Crossref)","","","","C:\Users\damia\Zotero\storage\GMYUN9DI\Zribi y Chiasson - 1989 - Exact Linearization Control of a PM Stepper Motor.pdf","","no sirve","","","","","","","","","","","","","","","","","","","","","","","","","","","","","","","","1989 American Control Conference","","","","","","","","","","","","","","",""
"DU9ZQ4ZU","journalArticle","","","Luenberger state observer rotor position estimation simulink and software library","","","","","","","","2026-08-23 21:39:07","2026-08-23 22:02:50","","","","","","","","","","","","","","","","","","","","Zotero","","","","C:\Users\damia\Zotero\storage\JKAG2WPY\Luenberger state observer rotor position estimation simulink and software library.pdf","","Ecuaciones","","","","","","","","","","","","","","","","","","","","","","","","","","","","","","","","","","","","","","","","","","","","","","",""
"JXEXLBNJ","conferencePaper","2023","Nicola, Marcel; Nicola, Claudiu-Ionel","Improvement Performances of Sensorless Control for PMSM Based on FOC Strategy Using Luenberger Observer, Sine Cosine Algorithm, and RL-TD3 Agent","2023 International Conference on Electromechanical and Energy Systems (SIELMEN)","979-8-3503-1524-0","","10.1109/SIELMEN59038.2023.10290813","https://ieeexplore.ieee.org/document/10290813/","","2023-10-11","2026-08-23 21:39:10","2026-08-23 22:02:09","2026-08-23 21:39:10","1-7","","","","","","","","","","","IEEE","Craiova, Romania","","https://doi.org/10.15223/policy-029","","","","DOI.org (Crossref)","","","","C:\Users\damia\Zotero\storage\R4H76TKN\Nicola y Nicola - 2023 - Improvement Performances of Sensorless Control for PMSM Based on FOC Strategy Using Luenberger Obser.pdf","","PMSM; SENSORLESS; Disturbed observer","","","","","","","","","","","","","","","","","","","","","","","","","","","","","","","","2023 International Conference on Electromechanical and Energy Systems (SIELMEN)","","","","","","","","","","","","","","",""
"BEZW3SXB","conferencePaper","2016","Tomy, Nilu Mary; Francis, Jebin","Field oriented sensorless position control of a hybrid stepper motor with extended Kalman filter","2016 10th International Conference on Intelligent Systems and Control (ISCO)","978-1-4673-7807-9","","10.1109/ISCO.2016.7727056","http://ieeexplore.ieee.org/document/7727056/","","2016-01","2026-08-23 21:39:15","2026-08-23 22:01:07","2026-08-23 21:39:15","1-5","","","","","","","","","","","IEEE","Coimbatore, India","","","","","","DOI.org (Crossref)","","","","C:\Users\damia\Zotero\storage\Y79FPJMX\Tomy y Francis - 2016 - Field oriented sensorless position control of a hybrid stepper motor with extended Kalman filter.pdf","","no sirve","","","","","","","","","","","","","","","","","","","","","","","","","","","","","","","","2016 10th International Conference on Intelligent Systems and Control (ISCO)","","","","","","","","","","","","","","",""
"FH2CNL4I","journalArticle","","","0_tags","","","","","","","","2026-08-23 21:43:07","2026-08-24 14:41:03","","","","","","","","","","","","","","","","","","","","","","","","","","PMSM; STEPPER; SENSORLESS; HFI; Disturbed observer; Cogging; Low-speed; Ecuaciones","","","","","","","","","","","","","","","","","","","","","","","","","","","","","","","","","","","","","","","","","","","","","","",""
"MTMK56PE","journalArticle","2017","Derammelaere, Stijn; Vervisch, Bram; De Viaene, Jasper; Stockman, Kurt","Sensorless load angle control for two-phase hybrid stepper motors","Mechatronics","","09574158","10.1016/j.mechatronics.2017.02.003","https://linkinghub.elsevier.com/retrieve/pii/S0957415817300168","","2017-05","2026-08-24 14:42:05","2026-08-24 14:49:22","2026-08-24 14:42:05","6-17","","","43","","Mechatronics","","","","","","","","en","","","","","DOI.org (Crossref)","","","","C:\Users\damia\Zotero\storage\3ACT5GAR\Derammelaere et al. - 2017 - Sensorless load angle control for two-phase hybrid stepper motors.pdf","","STEPPER; SENSORLESS","","","","","","","","","","","","","","","","","","","","","","","","","","","","","","","","","","","","","","","","","","","","","","",""
"J2MBRJGI","conferencePaper","2017","Rachev, Emil; Petrov, Vladislav; Stoev, Bozhidar","Cogging torque effect on motor start-up in a sensorless motor drive for permanent magnet synchronous motors","2017 15th International Conference on Electrical Machines, Drives and Power Systems (ELMA)","978-1-5090-6690-2 978-1-5090-6691-9","","10.1109/ELMA.2017.7955434","http://ieeexplore.ieee.org/document/7955434/","This paper deals with issues created by the cogging torque exhibited in permanent magnet synchronous motors in a motor drive with field oriented control. Experimental results are shown for both the start-up procedure and the steady-state operation of the used motor. The static and cogging torque are also measured at low speed to optimize the parameters of the start-up algorithm.","2017-06","2026-08-24 14:42:10","2026-08-24 14:51:25","2026-08-24 14:42:10","211-214","","","","","","","","","","","IEEE","Sofia, Bulgaria","","","","","","DOI.org (Crossref)","","","","C:\Users\damia\Zotero\storage\49KDATEP\Rachev et al. - 2017 - Cogging torque effect on motor start-up in a sensorless motor drive for permanent magnet synchronous.pdf","","no sirve","","","","","","","","","","","","","","","","","","","","","","","","","","","","","","","","2017 15th International Conference on Electrical Machines, Drives and Power Systems (ELMA)","","","","","","","","","","","","","","",""
"ZAIMTBV2","journalArticle","2016","Agrawal, Jyoti; Bodkhe, Sanjay","Experimental Study of Low Speed Sensorless Control of PMSM Drive Using High Frequency Signal Injection","Advances in Electrical and Electronic Engineering","","1804-3119, 1336-1376","10.15598/aeee.v14i1.1564","http://advances.utc.sk/index.php/AEEE/article/view/1564","","2016-03-23","2026-08-24 14:42:19","2026-08-24 14:50:03","2026-08-24 14:42:19","29 - 39","","1","14","","AEEE","","","","","","","","","","","","","DOI.org (Crossref)","","","","C:\Users\damia\Zotero\storage\9NBHW7ZC\Agrawal y Bodkhe - 2016 - Experimental Study of Low Speed Sensorless Control of PMSM Drive Using High Frequency Signal Injecti.pdf","","PMSM; SENSORLESS; HFI; Low-speed","","","","","","","","","","","","","","","","","","","","","","","","","","","","","","","","","","","","","","","","","","","","","","",""
"SVI2AZPI","journalArticle","2022","Kim, Seok-Kyoon; Kim, Kwan Soo; Lee, Dong Kyu; Ahn, Choon Ki","Current sensorless position-tracking control with angular acceleration error observers for hybrid-type stepping motors","Scientific Reports","","2045-2322","10.1038/s41598-022-19250-0","https://www.nature.com/articles/s41598-022-19250-0","Abstract             This paper exhibits an advanced observer-based position-tracking controller for hybrid-type stepping motors with consideration of parameter and load uncertainties. As the main contribution, a current sensorless observer-based pole-zero cancellation speed controller is devised for the outer loop position-tracking controller including the convergence rate boosting mechanism. The features of this study are summarized as follows; first, the pole-zero cancellation angular acceleration error observer for the inner loop speed controller, second, the pole-zero cancellation speed control forcing the order of the controlled speed error dynamics to be 1, and, third, the outer loop position control incorporating the first-order target tracking system with its convergence rate booster. The resultant effectiveness is verified on a 10-W stepping motor control system.","2022-09-02","2026-08-24 14:42:29","2026-08-24 14:47:57","2026-08-24 14:42:29","14993","","1","12","","Sci Rep","","","","","","","","en","","","","","DOI.org (Crossref)","","","","C:\Users\damia\Zotero\storage\8VJIVP6J\Kim et al. - 2022 - Current sensorless position-tracking control with angular acceleration error observers for hybrid-ty.pdf","","no sirve","","","","","","","","","","","","","","","","","","","","","","","","","","","","","","","","","","","","","","","","","","","","","","",""
"NZ8FHWPC","journalArticle","2016","Xiaoquan, Lu; Heyun, Lin; Junlin, Han","Load disturbance observer‐based control method for sensorless PMSM drive","IET Electric Power Applications","","1751-8660, 1751-8679","10.1049/iet-epa.2015.0550","https://ietresearch.onlinelibrary.wiley.com/doi/10.1049/iet-epa.2015.0550","This study proposes a sensorless control method for the permanent magnet synchronous machine (PMSM) drive that is robust against load torque variations. The proposed method is based on the disturbance observer‐based control (DOBC) method, and involves the use of a back electromotive force observer and a torque observer to estimate rotor position and compensate for load torque disturbance, respectively. This mechanism is simple to implement and requires no state vector derivation. The gains of the two observers are carefully selected to improve estimation accuracy and dynamic performance. The performance of the proposed load DOBC for sensorless PMSM drives was tested through a simulation, where the sensorless estimation error was considered to determine the adjustment laws for the proposed observer gains. Furthermore, results of evaluative experiments verified the effectiveness of the proposed method for high‐performance sensorless control and torque disturbance rejection for the PMSM drive.","2016-09","2026-08-24 14:42:34","2026-08-24 14:46:33","2026-08-24 14:42:34","735-743","","8","10","","IET Electric Power Appl","","","","","","","","en","http://onlinelibrary.wiley.com/termsAndConditions#vor","","","","DOI.org (Crossref)","","","","C:\Users\damia\Zotero\storage\A9SZCC64\Xiaoquan et al. - 2016 - Load disturbance observer‐based control method for sensorless PMSM drive.pdf","","PMSM; SENSORLESS; Disturbed observer; Low-speed","","","","","","","","","","","","","","","","","","","","","","","","","","","","","","","","","","","","","","","","","","","","","","",""
"6AKV5JLJ","journalArticle","2016","Mora, Andres; Orellana, Alvaro; Juliet, Jorge; Cardenas, Roberto","Model Predictive Torque Control for Torque Ripple Compensation in Variable-Speed PMSMs","IEEE Transactions on Industrial Electronics","","0278-0046, 1557-9948","10.1109/TIE.2016.2536586","http://ieeexplore.ieee.org/document/7423767/","","2016-07","2026-08-24 15:18:06","2026-08-24 15:19:55","2026-08-24 15:18:06","4584-4592","","7","63","","IEEE Trans. Ind. Electron.","","","","","","","","","https://ieeexplore.ieee.org/Xplorehelp/downloads/license-information/IEEE.html","","","","DOI.org (Crossref)","","","","C:\Users\damia\Zotero\storage\WGDTIC3T\Mora et al. - 2016 - Model Predictive Torque Control for Torque Ripple Compensation in Variable-Speed PMSMs.pdf","","PMSM; HFI","","","","","","","","","","","","","","","","","","","","","","","","","","","","","","","","","","","","","","","","","","","","","","",""
"CQRK3FPB","conferencePaper","2025","Petro, Viktor; Kyslan, Karol; Horváth, Krisztián; Wróbel, Karol; Tarchała, Grzegorz","HF Pulse Signal Injection Based Method for Sensorless Control of PMSM with Cogging Torque Compensation","2025 7th Global Power, Energy and Communication Conference (GPECOM)","979-8-3315-1323-8","","10.1109/GPECOM65896.2025.11061829","https://ieeexplore.ieee.org/document/11061829/","","2025-06-11","2026-08-24 15:18:11","2026-08-24 15:18:52","2026-08-24 15:18:11","257-262","","","","","","","","","","","IEEE","Bochum, Germany","","https://doi.org/10.15223/policy-029","","","","DOI.org (Crossref)","","","","C:\Users\damia\Zotero\storage\QU7ZPX8A\Petro et al. - 2025 - HF Pulse Signal Injection Based Method for Sensorless Control of PMSM with Cogging Torque Compensati.pdf","","PMSM; SENSORLESS; HFI; Cogging","","","","","","","","","","","","","","","","","","","","","","","","","","","","","","","","2025 7th Global Power, Energy and Communication Conference (GPECOM)","","","","","","","","","","","","","","",""
"IAGHG22Q","journalArticle","2019","Mandra, Slawomir; Galkowski, Krzysztof; Rogers, Eric; Rauh, Andreas; Aschemann, Harald","Performance-Enhanced Robust Iterative Learning Control With Experimental Application to PMSM Position Tracking","IEEE Transactions on Control Systems Technology","","1063-6536, 1558-0865, 2374-0159","10.1109/TCST.2018.2816906","https://ieeexplore.ieee.org/document/8337090/","","2019-07","2026-08-24 15:20:11","2026-08-24 15:32:04","2026-08-24 15:20:11","1813-1819","","4","27","","IEEE Trans. Contr. Syst. Technol.","","","","","","","","","https://ieeexplore.ieee.org/Xplorehelp/downloads/license-information/IEEE.html","","","","DOI.org (Crossref)","","","","C:\Users\damia\Zotero\storage\ZSHFK2LZ\Mandra et al. - 2019 - Performance-Enhanced Robust Iterative Learning Control With Experimental Application to PMSM Positio.pdf","","Cogging","","","","","","","","","","","","","","","","","","","","","","","","","","","","","","","","","","","","","","","","","","","","","","",""
"8ZPQX5EM","journalArticle","2019","Arias, Antoni; Caum, Jesus; Ibarra, Edorta; Grino, Robert","Reducing the Cogging Torque Effects in Hybrid Stepper Machines by Means of Resonant Controllers","IEEE Transactions on Industrial Electronics","","0278-0046, 1557-9948","10.1109/TIE.2018.2844786","https://ieeexplore.ieee.org/document/8382325/","","2019-04","2026-08-24 15:20:16","2026-08-24 15:33:07","2026-08-24 15:20:16","2603-2612","","4","66","","IEEE Trans. Ind. Electron.","","","","","","","","","https://ieeexplore.ieee.org/Xplorehelp/downloads/license-information/IEEE.html","","","","DOI.org (Crossref)","","","","C:\Users\damia\Zotero\storage\XSZAIVCK\Arias et al. - 2019 - Reducing the Cogging Torque Effects in Hybrid Stepper Machines by Means of Resonant Controllers.pdf","","PMSM; Cogging","","","","","","","","","","","","","","","","","","","","","","","","","","","","","","","","","","","","","","","","","","","","","","",""
"RHX4N8TK","conferencePaper","2014","Piccoli, Matthew; Yim, Mark","Cogging Torque Ripple Minimization via Position Based Characterization","Robotics: Science and Systems X","978-0-9923747-0-9","","10.15607/RSS.2014.X.042","http://www.roboticsproceedings.org/rss10/p42.pdf","","2014-07-12","2026-08-24 15:20:30","2026-08-24 15:31:39","2026-08-24 15:20:30","","","","","","","","","","","","Robotics: Science and Systems Foundation","","","","","","","DOI.org (Crossref)","","","","C:\Users\damia\Zotero\storage\QYCPW5JH\Piccoli y Yim - 2014 - Cogging Torque Ripple Minimization via Position Based Characterization.pdf","","PMSM; Cogging","","","","","","","","","","","","","","","","","","","","","","","","","","","","","","","","Robotics: Science and Systems 2014","","","","","","","","","","","","","","",""
"4Z4STFVN","journalArticle","2006","Jul-Ki Seok; Jong-Kun Lee; Dong-Choon Lee","Sensorless speed control of nonsalient permanent-magnet synchronous motor using rotor-position-tracking PI controller","IEEE Transactions on Industrial Electronics","","0278-0046","10.1109/TIE.2006.870728","http://ieeexplore.ieee.org/document/1614122/","","2006-04","2026-08-24 15:34:50","2026-08-24 20:17:08","2026-08-24 15:34:50","399-405","","2","53","","IEEE Trans. Ind. Electron.","","","","","","","","","https://ieeexplore.ieee.org/Xplorehelp/downloads/license-information/IEEE.html","","","","DOI.org (Crossref)","","","","C:\Users\damia\Zotero\storage\AK8HI2LM\Jul-Ki Seok et al. - 2006 - Sensorless speed control of nonsalient permanent-magnet synchronous motor using rotor-position-track.pdf","","SENSORLESS; Ecuaciones","","","","","","","","","","","","","","","","","","","","","","","","","","","","","","","","","","","","","","","","","","","","","","",""
"X5L8JIAF","conferencePaper","2025","Wu, Shuo; Ren, Wu; Tong, Chengde; Zeng, Yaoxin; Sui, Yi; Zheng, Ping","Speed Control of Low-Speed PMSM Based on improved Proportional-Resonant and Kalman Filter Strategy","2025 28th International Conference on Electrical Machines and Systems (ICEMS)","978-89-86510-23-2","","10.23919/ICEMS66262.2025.11317315","https://ieeexplore.ieee.org/document/11317315/","","2025-11-16","2026-08-24 20:18:08","2026-08-24 20:19:45","2026-08-24 20:18:08","2110-2115","","","","","","","","","","","IEEE","Busan, Korea, Republic of","","https://doi.org/10.15223/policy-029","","","","DOI.org (Crossref)","","","","C:\Users\damia\Zotero\storage\4TGV26CD\Wu et al. - 2025 - Speed Control of Low-Speed PMSM Based on improved Proportional-Resonant and Kalman Filter Strategy.pdf","","PMSM; SENSORLESS; Cogging; Low-speed","","","","","","","","","","","","","","","","","","","","","","","","","","","","","","","","2025 28th International Conference on Electrical Machines and Systems (ICEMS)","","","","","","","","","","","","","","",""
"GK8Q88RJ","conferencePaper","2026","Zhang, Wenjuan; Gao, Shicheng; Lyu, Mingcheng; Gao, Jian","Smooth Sensorless Startup in PMSM Drives Through Cogging Torque Mitigation","2026 IEEE International Magnetic Conference - Short Papers (INTERMAG Short Papers)","979-8-3315-5762-1","","10.1109/INTERMAGShortPapers68882.2026.11596104","https://ieeexplore.ieee.org/document/11596104/","","2026-04-13","2026-08-24 20:18:17","2026-08-24 20:18:48","2026-08-24 20:18:17","1-2","","","","","","","","","","","IEEE","Manchester, United Kingdom","","https://doi.org/10.15223/policy-029","","","","DOI.org (Crossref)","","","","C:\Users\damia\Zotero\storage\6F8K57DV\A_Hybrid_Approach_for_an_Efficient_Estimation_and_.pdf; C:\Users\damia\Zotero\storage\YY79E7GT\Zhang et al. - 2026 - Smooth Sensorless Startup in PMSM Drives Through Cogging Torque Mitigation.pdf","","PMSM; SENSORLESS; HFI; Disturbed observer","","","","","","","","","","","","","","","","","","","","","","","","","","","","","","","","2026 IEEE International Magnetic Conference - Short Papers (INTERMAG Short Papers)","","","","","","","","","","","","","","",""
"8AMB3EJF","journalArticle","","Helsing, Robin; Sanchez, Tobias","Modeling and Control of a PMSM Operating in Low Speeds","","","","","","","","2026-08-24 20:22:49","2026-08-24 20:40:21","","","","","","","","","","","","","","","en","","","","","Zotero","","","","C:\Users\damia\Zotero\storage\PMH8UYC3\Helsing y Sanchez - Modeling and Control of a PMSM Operating in Low Speeds.pdf","","PMSM; SENSORLESS; HFI; Disturbed observer; Ecuaciones","","","","","","","","","","","","","","","","","","","","","","","","","","","","","","","","","","","","","","","","","","","","","","",""
"49WATXNG","journalArticle","","Martinez, Maria; Laborda, Diego F; Reigosa, David; Fernandez, Daniel; Guerrero, J M; Briz, Fernando","SynRM Sensorless Torque Estimation Using High Frequency Signal Injection","","","","","","Precise output torque control is often required in applications using synchronous reluctance machines. Direct measurement of torque has drawbacks due to both cost and reliability issues. To overcome these limitations, the development of torque estimation methods has received signiﬁcant research attention. Most of the exiting torque estimation methods require knowledge of machine parameters, suffering therefore from parameter sensitivity. Load and saturation are recognized as the primary source of parameter variation. This paper proposes the use of high frequency signal injection for on-line estimation of the machine parameters required for torque estimation. The improvement in the torque estimation will be especially relevant in deep-saturation regions. The method operates without interfering with the normal operation of the machine.","","2026-08-24 20:22:55","2026-08-24 20:36:47","","","","","","","","","","","","","","","en","","","","","Zotero","","","","C:\Users\damia\Zotero\storage\WVNT5H7C\Martinez et al. - SynRM Sensorless Torque Estimation Using High Frequency Signal Injection.pdf","","SENSORLESS; HFI","","","","","","","","","","","","","","","","","","","","","","","","","","","","","","","","","","","","","","","","","","","","","","",""
"RYSTGZ5J","journalArticle","2015","Seilmeier, Markus; Ebersberger, Sebastian; Piepenbreier, Bernhard","HF Test Current Injection-Based Self-Sensing Control of PMSM for Low- and Zero-Speed Range Using Two-Degree-of-Freedom Current Control","IEEE Transactions on Industry Applications","","0093-9994, 1939-9367","10.1109/TIA.2014.2369828","http://ieeexplore.ieee.org/document/6954444/","","2015-05","2026-08-24 20:23:00","2026-08-24 20:34:43","2026-08-24 20:23:00","2268-2278","","3","51","","IEEE Trans. on Ind. Applicat.","","","","","","","","","https://ieeexplore.ieee.org/Xplorehelp/downloads/license-information/IEEE.html","","","","DOI.org (Crossref)","","","","C:\Users\damia\Zotero\storage\P5EKZDT8\Seilmeier et al. - 2015 - HF Test Current Injection-Based Self-Sensing Control of PMSM for Low- and Zero-Speed Range Using Two.pdf","","SENSORLESS; HFI; Low-speed","","","","","","","","","","","","","","","","","","","","","","","","","","","","","","","","","","","","","","","","","","","","","","",""
"LSRQFPHR","conferencePaper","2017","Wen, Xin; Zhang, Yan; Lin, Yahong","Observability analysis and EKF-based sensorless control of permanent magnet synchronous machine","2017 36th Chinese Control Conference (CCC)","978-988-15639-3-4","","10.23919/ChiCC.2017.8027336","http://ieeexplore.ieee.org/document/8027336/","","2017-07","2026-08-24 20:23:17","2026-08-24 20:31:40","2026-08-24 20:23:17","151-156","","","","","","","","","","","IEEE","Dalian, China","","","","","","DOI.org (Crossref)","","","","C:\Users\damia\Zotero\storage\R6Z23UIL\Wen et al. - 2017 - Observability analysis and EKF-based sensorless control of permanent magnet synchronous machine.pdf","","PMSM; SENSORLESS; HFI; Disturbed observer; Ecuaciones","","","","","","","","","","","","","","","","","","","","","","","","","","","","","","","","2017 36th Chinese Control Conference (CCC)","","","","","","","","","","","","","","",""
"NFFCUV2L","conferencePaper","2022","Montero, E. Rodriguez; Vogelsberger, M.; Wolbank, T.","Robust Saliency-Based Speed Sensorless Control of Induction Machines under Overload Operation","2022 International Conference on Electrical Machines (ICEM)","978-1-6654-1432-6","","10.1109/ICEM51905.2022.9910761","https://ieeexplore.ieee.org/document/9910761/","","2022-09-05","2026-08-24 20:23:23","2026-08-24 20:36:23","2026-08-24 20:23:23","586-591","","","","","","","","","","","IEEE","Valencia, Spain","","https://doi.org/10.15223/policy-029","","","","DOI.org (Crossref)","","","","C:\Users\damia\Zotero\storage\5Z3VSKIA\Montero et al. - 2022 - Robust Saliency-Based Speed Sensorless Control of Induction Machines under Overload Operation.pdf","","PMSM; SENSORLESS; HFI","","","","","","","","","","","","","","","","","","","","","","","","","","","","","","","","2022 International Conference on Electrical Machines (ICEM)","","","","","","","","","","","","","","",""
"6T8GNZUN","conferencePaper","2013","Yituo Li; Haifeng Lu; Wenlong Qu; Shuang Sheng; Zhengyu Wang","Sensorless control of PMSM based on low frequency voltage injection at low speeds and standstill","2013 IEEE ECCE Asia Downunder","978-1-4799-0482-2 978-1-4799-0483-9","","10.1109/ECCE-Asia.2013.6579191","http://ieeexplore.ieee.org/document/6579191/","","2013-06","2026-08-24 20:23:26","2026-08-24 20:30:19","2026-08-24 20:23:26","781-787","","","","","","","","","","","IEEE","Melbourne, VIC","","","","","","DOI.org (Crossref)","","","","C:\Users\damia\Zotero\storage\WYSEZQA8\Yituo Li et al. - 2013 - Sensorless control of PMSM based on low frequency voltage injection at low speeds and standstill.pdf","","PMSM; SENSORLESS; HFI; Low-speed","","","","","","","","","","","","","","","","","","","","","","","","","","","","","","","","2013 IEEE ECCE Asia Downunder (ECCE Asia 2013)","","","","","","","","","","","","","","",""
"XGFE4Q25","journalArticle","2026","Jin, Tong; Sun, Wei; Zhang, Guoqiang; Wang, Gaolin; Jiang, Dong; Li, Dawei; Xu, Dianguo","Zero Speed Sensorless Scheme for PMSM Drives Using Virtual Flux Signal Injection Based Hybrid Active Flux Observer","IEEE Transactions on Industrial Electronics","","0278-0046, 1557-9948","10.1109/TIE.2025.3634413","https://ieeexplore.ieee.org/document/11317795/","","2026-05","2026-08-24 20:23:43","2026-08-24 20:38:15","2026-08-24 20:23:43","6657-6668","","5","73","","IEEE Trans. Ind. Electron.","","","","","","","","","https://ieeexplore.ieee.org/Xplorehelp/downloads/license-information/IEEE.html","","","","DOI.org (Crossref)","","","","C:\Users\damia\Zotero\storage\HPAIHY38\Jin et al. - 2026 - Zero Speed Sensorless Scheme for PMSM Drives Using Virtual Flux Signal Injection Based Hybrid Active.pdf","","PMSM; SENSORLESS; HFI; Low-speed","","","","","","","","","","","","","","","","","","","","","","","","","","","","","","","","","","","","","","","","","","","","","","",""
"TJ53AIRB","conferencePaper","2025","Wang, Dongwen; Wang, Zhuofan; Zhang, Peijun; Niu, Libo","Optimized Nonlinear High-Frequency Injection for Sensorless PMSM in Low-Speed Industrial Servo Systems","2025 4th International Conference on Energy and Electrical Power Systems (ICEEPS)","979-8-3315-9866-2","","10.1109/ICEEPS66790.2025.11239596","https://ieeexplore.ieee.org/document/11239596/","","2025-07-17","2026-08-24 20:23:55","2026-08-24 20:33:05","2026-08-24 20:23:55","982-986","","","","","","","","","","","IEEE","Guangzhou, China","","https://doi.org/10.15223/policy-029","","","","DOI.org (Crossref)","","","","C:\Users\damia\Zotero\storage\3FBJN85Z\Wang et al. - 2025 - Optimized Nonlinear High-Frequency Injection for Sensorless PMSM in Low-Speed Industrial Servo Syste.pdf","","PMSM; SENSORLESS; HFI; Low-speed; Ecuaciones","","","","","","","","","","","","","","","","","","","","","","","","","","","","","","","","2025 4th International Conference on Energy and Electrical Power Systems (ICEEPS)","","","","","","","","","","","","","","",""
"INHVHLU5","journalArticle","2022","Shahzad, Kashif; Jawad, Muhammad; Ali, Khurram; Akhtar, Jahanzeb; Khosa, Ikramullah; Bajaj, Mohit; Elattar, Ehab E.; Kamel, Salah","A Hybrid Approach for an Efficient Estimation and Control of Permanent Magnet Synchronous Motor with Fast Dynamics and Practically Unavailable Measurements","Applied Sciences","","2076-3417","10.3390/app12104958","https://www.mdpi.com/2076-3417/12/10/4958","This paper presents an interesting hybrid solution to a challenging estimation and control problem of the Permanent Magnet Synchronous Motor (PMSM). Apart from the inherently nonlinear nature of the PMSM, which makes this problem particularly challenging, is the unavailability of the measurements, rotor position, and speed. In an effort to efficiently cope with such issues along with the random noise environment, the Unscented Kalman Filter (UKF) is chosen to estimate the states of the PMSM dynamic system and the Model Predictive Control (MPC) is utilized to control the state space vector in Pulse Width Modulation (PWM). Additionally, the MPC has also been implemented in combination with the Extended Kalman Filter (EKF) and also with Sliding Mode Control (SMC), in order to vigorously compare these hybrid approaches in terms of accuracy, robustness, and transient response. The MPC-UKF, a combination that has never been implemented before, outperforms the other two by efficiently dealing with the issues of high nonlinearities, by accurately estimating the states while the measurements were practically unavailable, and coping with the fast dynamics of the PMSM.","2022-05-13","2026-08-24 20:23:59","2026-08-24 20:35:55","2026-08-24 20:23:59","4958","","10","12","","Applied Sciences","","","","","","","","en","","","","","DOI.org (Crossref)","","","","C:\Users\damia\Zotero\storage\Z9K38B4G\Shahzad et al. - 2022 - A Hybrid Approach for an Efficient Estimation and Control of Permanent Magnet Synchronous Motor with.pdf","","PMSM; SENSORLESS; HFI","","","","","","","","","","","","","","","","","","","","","","","","","","","","","","","","","","","","","","","","","","","","","","",""
"AQL453KA","conferencePaper","2016","Trancho, E.; Ibarra, E.; Arias, A.; Salazar, C.; Lopez, I.; Diaz De Guerenu, A.; Pena, A.","A novel PMSM hybrid sensorless control strategy for EV applications based on PLL and HFI","IECON 2016 - 42nd Annual Conference of the IEEE Industrial Electronics Society","978-1-5090-3474-1","","10.1109/IECON.2016.7793330","http://ieeexplore.ieee.org/document/7793330/","","2016-10","2026-08-24 20:24:05","2026-08-24 20:33:54","2026-08-24 20:24:05","6669-6674","","","","","","","","","","","IEEE","Florence, Italy","","","","","","DOI.org (Crossref)","","","","C:\Users\damia\Zotero\storage\5IL93IXH\Trancho et al. - 2016 - A novel PMSM hybrid sensorless control strategy for EV applications based on PLL and HFI.pdf","","PMSM; SENSORLESS; HFI","","","","","","","","","","","","","","","","","","","","","","","","","","","","","","","","IECON 2016 - 42nd Annual Conference of the IEEE Industrial Electronics Society","","","","","","","","","","","","","","",""
"I4STCLIY","journalArticle","2015","Zhao, Yue; Zhang, Zhe; Qiao, Wei; Wu, Long","An Extended Flux Model-Based Rotor Position Estimator for Sensorless Control of Salient-Pole Permanent-Magnet Synchronous Machines","IEEE Transactions on Power Electronics","","0885-8993, 1941-0107","10.1109/TPEL.2014.2358621","https://ieeexplore.ieee.org/document/6901236/","","2015-08","2026-08-24 20:24:15","2026-08-24 20:28:59","2026-08-24 20:24:14","4412-4422","","8","30","","IEEE Trans. Power Electron.","","","","","","","","","https://ieeexplore.ieee.org/Xplorehelp/downloads/license-information/IEEE.html","","","","DOI.org (Crossref)","","","","C:\Users\damia\Zotero\storage\K82L2SFN\Zhao et al. - 2015 - An Extended Flux Model-Based Rotor Position Estimator for Sensorless Control of Salient-Pole Permane.pdf","","HFI","","","","","","","","","","","","","","","","","","","","","","","","","","","","","","","","","","","","","","","","","","","","","","",""
"XEJT6X92","journalArticle","2016","Galvis-Restrepo, Eduard; Vásquez-Lopez, Virgilio; Ferreira-Jaimes, Julián","Motor de reluctancia conmutada: modelado, simulación y control","Respuestas","","2422-5053, 0122-820X","10.22463/0122820X.578","https://revistas.ufps.edu.co/index.php/respuestas/article/view/578","The switched reluctance motor (SRM) is a doubly-salient machine. This means that it has salient poles on both the rotor and stator. A SRM construction is simple as compared to other types of electric motors. The rotor has no windings or magnet; the windings are concentrated in the stator. The purpose of this article is the development of a speed control strategy for this kind of motor. Description of a nonlinear SRM model and its respective simulation in Matlab/Simulink environment is presented. The constant rotor speed control of SRM is achieved from current control perspective with a PI controller.","2016-05-19","2026-09-09 21:32:33","2026-09-09 21:32:37","2026-09-09 21:32:33","29-37","","1","12","","Respuestas","Motor de reluctancia conmutada","","","","","","","es","","","","","DOI.org (Crossref)","","","","C:\Users\damia\Zotero\storage\CP6T862U\Galvis-Restrepo et al. - 2016 - Motor de reluctancia conmutada modelado, simulación y control.pdf","","","/unread","","","","","","","","","","","","","","","","","","","","","","","","","","","","","","","","","","","","","","","","","","","","","",""
"PNIW5WRT","journalArticle","","Martinez, Maria; Laborda, Diego F; Reigosa, David; Fernandez, Daniel; Guerrero, J M; Briz, Fernando","SynRM Sensorless Torque Estimation Using High Frequency Signal Injection","","","","","","Precise output torque control is often required in applications using synchronous reluctance machines. Direct measurement of torque has drawbacks due to both cost and reliability issues. To overcome these limitations, the development of torque estimation methods has received signiﬁcant research attention. Most of the exiting torque estimation methods require knowledge of machine parameters, suffering therefore from parameter sensitivity. Load and saturation are recognized as the primary source of parameter variation. This paper proposes the use of high frequency signal injection for on-line estimation of the machine parameters required for torque estimation. The improvement in the torque estimation will be especially relevant in deep-saturation regions. The method operates without interfering with the normal operation of the machine.","","2026-09-09 21:32:58","2026-09-20 17:19:06","","","","","","","","","","","","","","","en","","","","","Zotero","","","","C:\Users\damia\Zotero\storage\3FI2WIND\Martinez et al. - SynRM Sensorless Torque Estimation Using High Frequency Signal Injection.pdf","","","","","","","","","","","","","","","","","","","","","","","","","","","","","","","","","","","","","","","","","","","","","","","","",""
"BKR27Y85","journalArticle","2025","Dominica C. Ihem; Rachael I. Ovbiagele; Chidiebere D. Obasi; Uchendu U. Nlerum","IMPACT OF SALIENCY RATIO VARIATION ON TORQUE PERFORMANCE IN INTERIOR PERMANENT MAGNET SYNCHRONOUS MOTOR","","","2394-7349","10.5281/ZENODO.15727876","https://zenodo.org/doi/10.5281/zenodo.15727876","Abstract: This paper studies effects of changes in saliency ratio on the electromagnetic torque performance of Interior Permanent Magnet Synchronous Motors (IPMSMs). The saliency ratio (q-axis to d-axis inductance ratio) Lq/Ld has a decisive impact on the formation of both the magnet and reluctance torque in the IPMSM. A MATLAB dq-axis dynamic equations simulation model was developed to assess the torque response with different saliency ratios. The results reveal that as the saliency ratio increases, the average and peak torque increase on the whole, mainly because the contribution of reluctance torque becomes considerable. A motor produces only magnet torque at the saliency ratio of unity, and the reluctance torque becomes dominant as Lq becomes larger than Ld. It can be seen by the time-waveform of the electromagnetic torque higher torque values obtained by larger saliency ratio. Besides the torque improvement, the simulation showed that the torque ripple increased slightly which means a trade-off between performances and smoothness. Additionally, when analyzing the stator current dynamics it was observed that as the saliency value increases iq remains rather the same, although id is outlined with more dynamics, resulting in profound transients in higher saliency ratios. The simulation also generated characteristic curves of saliency ratio versus average torque, peak torque and torque ripple. These results validate that the saliency ratio greatly affects the performance and dynamic characteristic of IPMSMs. This knowledge can be used to optimize rotor design for high performance electric drive applications. The MATLAB model developed in this work is a flexible platform for design assessment and can also be used for testing control strategies or for validating experimental outcomes. Keywords: Electromagnetic torque, interior permanent magnet synchronous motor, MATLAB simulation, saliency ratio, stator currents. Title: IMPACT OF SALIENCY RATIO VARIATION ON TORQUE PERFORMANCE IN INTERIOR PERMANENT MAGNET SYNCHRONOUS MOTOR Author: Dominica C. Ihem, Rachael I. Ovbiagele, Chidiebere D. Obasi, Uchendu U. Nlerum International Journal of Novel Research in Engineering and Science ISSN 2394-7349 Vol. 12, Issue 1, March 2025 - August 2025 Page No: 46-54 Novelty Journals Website: www.noveltyjournals.com Published Date: 24-June-2025 DOI: https://doi.org/10.5281/zenodo.15727876 Paper Download Link (Source) https://www.noveltyjournals.com/upload/paper/IMPACT%20OF%20SALIENCY%20RATIO%20VARIATION-24062025-5.pdf","2025-06-24","2026-09-09 21:33:26","2026-09-18 20:10:03","2026-09-09 21:33:26","","","","","","","","","","","","Novelty Journals","","en","Creative Commons Attribution 4.0 International","","","","DOI.org (Datacite)","","","","C:\Users\damia\Zotero\storage\R6MQBAJY\Dominica C. Ihem et al. - 2025 - IMPACT OF SALIENCY RATIO VARIATION ON TORQUE PERFORMANCE IN INTERIOR PERMANENT MAGNET SYNCHRONOUS MO.pdf","","","Electromagnetic torque; interior permanent magnet synchronous motor; MATLAB simulation; saliency ratio; stator currents","","","","","","","","","","","","","","","","","","","","","","","","","","","","","","","","","","","","","","","","","","","","","",""
"W2TEGQU7","journalArticle","2015","Koteich, Mohamad; Maloum, Abdelmalek; Duc, Gilles; Sandou, Guillaume","Discussion on “AC Drive Observability Analysis”","IEEE Transactions on Industrial Electronics","","0278-0046, 1557-9948","10.1109/TIE.2015.2438777","http://ieeexplore.ieee.org/document/7115092/","In the paper by Vaclavek et al. (IEEE Trans. Ind. Electron., vol. 60, no. 8, pp. 3047–3059, Aug. 2013), the local observability of both induction machine and permanent-magnet synchronous machine (PMSM) under motion-sensorless operation is studied. In this letter, the “slowly varying” speed assumption is discussed, and the PMSM observability condition at standstill is revisited.","2015-11","2026-09-09 21:34:24","2026-09-18 20:06:03","2026-09-09 21:34:24","7224-7225","","11","62","","IEEE Trans. Ind. Electron.","","","","","","","","en","https://ieeexplore.ieee.org/Xplorehelp/downloads/license-information/IEEE.html","","","","DOI.org (Crossref)","","","","C:\Users\damia\Zotero\storage\B9AYX5NG\Koteich et al. - 2015 - Discussion on “AC Drive Observability Analysis”.pdf","","","","","","","","","","","","","","","","","","","","","","","","","","","","","","","","","","","","","","","","","","","","","","","","",""
"3AS578SJ","journalArticle","2025","Yu, Ke; Xiang, Fuyuan; Su, Jinya; Zhu, Wenwu; Li, Shihua","Simultaneous State and Disturbances Estimation for Sensorless PMSM Control: Design and Experiments","IEEE Transactions on Power Electronics","","0885-8993, 1941-0107","10.1109/TPEL.2025.3596683","https://ieeexplore.ieee.org/document/11119337/","Sensorless control for permanent magnet synchronous motor (PMSM) is drawing increasing research interest in both academia and industry. To enhance the robustness of sensorless control schemes, disturbance observers are typically designed for feedforward disturbance compensation. However, the conventional framework, which separately estimates speed/position and disturbances, may lead to system instability, particularly when disturbances signiﬁcantly affect speed/position estimation performance. To address this issue, this article proposes a novel estimation-based control framework that simultaneously estimates system states and disturbances. Within this framework, two simultaneous observers are introduced. First, an augmented extended Kalman ﬁlter that extends disturbances as additional states and second, a composite extended Kalman ﬁlter integrating disturbance observer and extended Kalman ﬁlter. The feasibility and effectiveness of the proposed sensorless control schemes are validated through extensive comparative hardware experiments. Compared with the conventional separate-estimation framework, the proposed approach signiﬁcantly improves speed and positionestimation accuracy under load disturbances in sensorless PMSM drives.","2025-12","2026-09-09 21:34:40","2026-09-16 12:33:47","2026-09-09 21:34:40","17750-17760","","12","40","","IEEE Trans. Power Electron.","Simultaneous State and Disturbances Estimation for Sensorless PMSM Control","","","","","","","en","https://ieeexplore.ieee.org/Xplorehelp/downloads/license-information/IEEE.html","","","","DOI.org (Crossref)","","","","C:\Users\damia\Zotero\storage\6MDDQPU4\Yu et al. - 2025 - Simultaneous State and Disturbances Estimation for Sensorless PMSM Control Design and Experiments.pdf","","","","","","","","","","","","","","","","","","","","","","","","","","","","","","","","","","","","","","","","","","","","","","","","",""
"2LG4MBDY","conferencePaper","2023","Horváth, Krisztián","Load Torque and Permanent Magnet Flux Linkage Estimation of Surface-Mounted PMSM by Using Unscented Kalman Filter","2023 International Conference on Electrical Drives and Power Electronics (EDPE)","979-8-3503-2275-0","","10.1109/EDPE58625.2023.10274042","https://ieeexplore.ieee.org/document/10274042/","In this study, state estimators are designed and compared for surface-mounted permanent magnet synchronous machine (PMSM) drives. The state-space representations used for estimator design are the inﬁnite inertia model, the full model including the equation of motion, and an augmented description extended by the permanent magnet (PM) ﬂux linkage as an additional state variable. By using the latter model, the estimators are less sensitive to the PM ﬂux linkage mismatches due to the online identiﬁcation of this parameter. For each nonlinear models, observability analyses are presented with and without position measurement. Based on all six models, state estimators are implemented using unscented Kalman ﬁlter (UKF) algorithm, and the estimation performances are compared by simulations.","2023-09-25","2026-09-09 21:34:51","2026-09-16 12:33:00","2026-09-09 21:34:51","1-8","","","","","","","","","","","IEEE","The High Tatras, Slovakia","en","https://doi.org/10.15223/policy-029","","","","DOI.org (Crossref)","","","","C:\Users\damia\Zotero\storage\3SPGLPQD\Horváth - 2023 - Load Torque and Permanent Magnet Flux Linkage Estimation of Surface-Mounted PMSM by Using Unscented.pdf","","","","","","","","","","","","","","","","","","","","","","","","","","","","","","","","","","2023 International Conference on Electrical Drives and Power Electronics (EDPE)","","","","","","","","","","","","","","",""
"7ZQKQW2S","conferencePaper","2015","Koteich, Mohamad; Maloum, Abdelmalek; Duc, Gilles; Sandou, Guillaume","Local weak observability conditions of sensorless AC drives","2015 17th European Conference on Power Electronics and Applications (EPE'15 ECCE-Europe)","978-90-75815-22-1","","10.1109/EPE.2015.7309238","http://ieeexplore.ieee.org/document/7309238/","Alternating current (AC) electrical drive control without mechanical sensors is an active research topic. This paper studies the observability of both induction machine and synchronous machine sensorless drives. Observer-based sensorless techniques are known for their deteriorated performance in some operating conditions. An observability analysis of the machines helps understanding (and improving) the observer’s behavior in the aforementioned conditions.","2015-09","2026-09-09 21:35:00","2026-09-18 20:14:50","2026-09-09 21:35:00","1-10","","","","","","","","","","","IEEE","Geneva","en","","","","","DOI.org (Crossref)","","","","C:\Users\damia\Zotero\storage\QK7FT2SY\Koteich et al. - 2015 - Local weak observability conditions of sensorless AC drives.pdf","","","","","","","","","","","","","","","","","","","","","","","","","","","","","","","","","","2015 17th European Conference on Power Electronics and Applications (EPE'15 ECCE-Europe)","","","","","","","","","","","","","","",""
"DKE5VMD4","conferencePaper","2009","Zaltni, Dalila; Abdelkrim, Mohamed Naceur; Ghanes, Malek; Barbot, Jean Pierre","Observability analysis of PMSM","2009 3rd International Conference on Signals, Circuits and Systems (SCS)","978-1-4244-4397-0","","10.1109/ICSCS.2009.5412536","http://ieeexplore.ieee.org/document/5412536/","The current problems to successfully apply sensorless control techniques for Permanent Magnet Synchronous Motor (PMSM) are the existence of operating conditions for which the observer performance is remarkably deteriorated. This is due to difﬁculties in estimating correctly the rotor position at low speed. The failure of sensor-less schemes in some particular operating conditions has been always recognized in experimental settings. However, there are no sufﬁcient theoretical observability analysis for the PMSM. In the literature, only the sufﬁcient observability condition has been presented. Therefore, the current work is aimed specially to necessary observability condition analysis. Thus, we give here the necessary and sufﬁcient states observability condition for the PMSM. An example is presented to illustrate the results.","2009-11","2026-09-09 21:35:10","2026-09-19 21:50:25","2026-09-09 21:35:10","1-6","","","","","","","","","","","IEEE","Medenine, Tunisia","en","","","","","DOI.org (Crossref)","","","","C:\Users\damia\Zotero\storage\84JDDTKW\Zaltni et al. - 2009 - Observability analysis of PMSM.pdf","","","","","","","","","","","","","","","","","","","","","","","","","","","","","","","","","","2009 3rd International Conference on Signals, Circuits and Systems (SCS 2009)","","","","","","","","","","","","","","",""
"ACUGHL8Z","conferencePaper","2015","Koteich, Mohamad; Maloum, Abdelmalek; Duc, Gilles; Sandou, Guillaume","Permanent magnet synchronous drives observability analysis for motion-sensorless control","2015 IEEE Symposium on Sensorless Control for Electrical Drives (SLED)","","","10.1109/SLED.2015.7339264","http://arxiv.org/abs/1601.06130","Motion-sensorless control techniques of electrical drives are attracting more attention in different industries. The local observability of sensorless permanent magnet synchronous drives is studied in this paper. A special interest is given to the standstill operation condition, where sensorless drives suffer of poor performance. Both, salient and non-salient machines are considered. The results are illustrated using numerical simulations.","2015-06","2026-09-09 21:35:34","2026-09-18 20:07:50","2026-09-09 21:35:34","1-8","","","","","","","","","","","","","","","","","","arXiv.org","","arXiv:1601.06130 [math.CA]","","C:\Users\damia\Zotero\storage\SFI7IHWS\Koteich et al. - 2015 - Permanent magnet synchronous drives observability analysis for motion-sensorless control.pdf","","","Mathematics - Classical Analysis and ODEs","","","","","","","","","","","","","","","","","","","","","","","","","","","","","","","","","","","","","","","","","","","","","",""
"HACMZIE5","journalArticle","2020","Wang, Gaolin; Valla, Maria; Solsona, Jorge","Position Sensorless Permanent Magnet Synchronous Machine Drives—A Review","IEEE Transactions on Industrial Electronics","","0278-0046, 1557-9948","10.1109/TIE.2019.2955409","https://ieeexplore.ieee.org/document/8917922/","Owing to the competitive advantages of cost reduction, system downsizing, and reliability enhancement, position sensorless control methods for permanent magnet synchronous machine drives have drawn increasing attention from academia to industrial applications. In this article, a survey of the major sensorless control techniques for a wide speed range from low to high speeds is presented. The different high frequency signal injection schemes, fundamental pulsewidth modulation excitation methods, and model-based sensorless control are displayed and compared, which is able to facilitate the sensorless control implementation.","2020-07","2026-09-09 21:35:40","2026-09-19 17:59:44","2026-09-09 21:35:40","5830-5842","","7","67","","IEEE Trans. Ind. Electron.","","","","","","","","en","https://ieeexplore.ieee.org/Xplorehelp/downloads/license-information/IEEE.html","","","","DOI.org (Crossref)","","","","C:\Users\damia\Zotero\storage\B6FIT9B8\Wang et al. - 2020 - Position Sensorless Permanent Magnet Synchronous Machine Drives—A Review.pdf","","","","","","","","","","","","","","","","","","","","","","","","","","","","","","","","","","","","","","","","","","","","","","","","",""
"YTC9RBXJ","conferencePaper","2012","Li, Liyi; Tan, Guangjun; Liu, Jiaxi; Kou, Baoquan","Sensorless control of PMSM based on state observer and the parameter error analysis","2012 IEEE International Conference on Power Electronics, Drives and Energy Systems (PEDES)","978-1-4673-4506-4 978-1-4673-4508-8","","10.1109/PEDES.2012.6484255","https://ieeexplore.ieee.org/document/6484255/","As state observer has the advantages of simple structure and low noise, this paper proposes a sensorless control method based on the state observer for the permanent magnet synchronous motor (PMSM) and analyzes the impact of the parameter errors. The state observer is ﬁrstly designed for the PMSM, and the frequency pre-warping bilinear transform method is adopted simultaneously in the discretization of the state observer. Then, the observation errors are analyzed when the stator resistance error or inductance error exists. Finally, Simulation results are presented, and verify the effectiveness of the paper’s design and analysis.","2012-12","2026-09-09 21:35:46","2026-09-09 21:35:47","2026-09-09 21:35:46","1-8","","","","","","","","","","","IEEE","Bengaluru, India","en","https://doi.org/10.15223/policy-029","","","","DOI.org (Crossref)","","","","C:\Users\damia\Zotero\storage\FKEI3L67\Li et al. - 2012 - Sensorless control of PMSM based on state observer and the parameter error analysis.pdf","","","/unread","","","","","","","","","","","","","","","","","","","","","","","","","","","","","","","2012 IEEE International Conference on Power Electronics, Drives and Energy Systems (PEDES)","","","","","","","","","","","","","","",""
"2J3PQ4GY","conferencePaper","2009","Gu, Shan-Mao; He, Feng-You; Zhang, Hui","Study on Extend Kalman Filter at Low Speed in Sensorless PMSM Drives","2009 International Conference on Electronic Computer Technology","978-0-7695-3559-3","","10.1109/ICECT.2009.17","https://ieeexplore.ieee.org/document/4795973/","The application of an Extended Kalman Filter(EKF) as nonlinear speed and position observer in PMSM drives has been a mature research project. However, one significant problem still unsolved is the weakly performance at low speed of PMSM drive system that yield to the best estimation performance on high speed range(>5Hz). This paper proposes a novel method － Adjustable DC bus voltage, for low speed EKF sensorless control of permanent magnet synchronous motor (PMSM)drives. The findings from the experiment that the better performance at low speed (>2Hz) by adjusting the DC Bus voltage according to the system reference speed are also presented. Simulation and Experimental results are given to confirm the effectiveness of the proposed method.","2009-02","2026-09-09 21:35:51","2026-09-09 21:35:53","2026-09-09 21:35:51","311-316","","","","","","","","","","","IEEE","Macau","en","","","","","DOI.org (Crossref)","","","","C:\Users\damia\Zotero\storage\ZRDDV3YV\Gu et al. - 2009 - Study on Extend Kalman Filter at Low Speed in Sensorless PMSM Drives.pdf","","","/unread","","","","","","","","","","","","","","","","","","","","","","","","","","","","","","","2009 International Conference on Electronic Computer Technology. ICECT 2009","","","","","","","","","","","","","","",""
"UGEAJ8K9","conferencePaper","2008","Vaclavek, Pavel; Blaha, Petr","Synchronous machine drive observability analysis and sensorless control design","2008 IEEE 2nd International Power and Energy Conference","978-1-4244-2404-7","","10.1109/PECON.2008.4762482","http://ieeexplore.ieee.org/document/4762482/","Permanent magnet synchronous (PMSM) drives become very popular in many industrial applications. Their construction provides better performance and reliability than DC drives. But there is also one signiﬁcant disadvantage - actual rotor position knowledge is necessary to control the drive even in the case when only speed control is required. A position sensor has to be used increasing the drive cost. Algorithms for rotor position and speed estimation from electrical quantities have been developed by many authors. This paper presents PMSM observability analysis to be able to deﬁne conditions under which it is possible to compute rotor speed and position. Following the observability analysis results a simple PMSM rotor position estimation algorithm is proposed using a MRAS concept.","2008-12","2026-09-09 21:35:57","2026-09-09 21:35:58","2026-09-09 21:35:57","265-270","","","","","","","","","","","IEEE","Johor Bahru, Malaysia","en","","","","","DOI.org (Crossref)","","","","C:\Users\damia\Zotero\storage\AXWHQDIG\Vaclavek y Blaha - 2008 - Synchronous machine drive observability analysis and sensorless control design.pdf","","","/unread","","","","","","","","","","","","","","","","","","","","","","","","","","","","","","","2008 IEEE 2nd International Power and Energy Conference (PECon)","","","","","","","","","","","","","","",""
"ZEJEKV9F","journalArticle","2013","Vaclavek, Pavel; Blaha, Petr; Herman, Ivo","AC Drive Observability Analysis","IEEE Transactions on Industrial Electronics","","0278-0046, 1557-9948","10.1109/TIE.2012.2203775","http://ieeexplore.ieee.org/document/6213546/","AC induction motors and permanent magnet synchronous drives became very popular for motion control applications due to their simple and reliable construction. Sensorless drive control is required in many applications to reduce drive production costs. While many approaches to magnetic ﬂux, rotor speed, or other quantities needed to control electrical machine were proposed, conditions under which these quantities can be estimated are not often sufﬁciently investigated. In this paper, induction machine and permanent-magnet-synchronous-machine drive state observability analysis is presented, together with conditions allowing reliable rotor speed and position estimation. A method based on the nonlinear dynamical system state observability theory is proposed, resulting in a uniﬁed approach to the ac drive observability analysis.","2013-08","2026-09-09 21:36:03","2026-09-18 20:06:20","2026-09-09 21:36:03","3047-3059","","8","60","","IEEE Trans. Ind. Electron.","","","","","","","","en","https://ieeexplore.ieee.org/Xplorehelp/downloads/license-information/IEEE.html","","","","DOI.org (Crossref)","","","","C:\Users\damia\Zotero\storage\JUGSNQND\Vaclavek et al. - 2013 - AC Drive Observability Analysis.pdf","","","","","","","","","","","","","","","","","","","","","","","","","","","","","","","","","","","","","","","","","","","","","","","","",""
"27DUUHK6","conferencePaper","2016","Than, Hoang; Kung, Ying-Shieh; Huang, Liang-Chiao","Digital hardware implementation of a sensorless speed controller for PMSM drives using HF signal injection and EKF","2016 International Conference on Advanced Materials for Science and Engineering (ICAMSE)","978-1-5090-3869-5","","10.1109/ICAMSE.2016.7840277","http://ieeexplore.ieee.org/document/7840277/","Among the sensorless PMSM speed control algorithms, the non-model based approach, such as high frequency (HF) signal injection (HFSI), is usually taken as to estimate the rotor position of PMSM at standstill and very low speed condition, but the model based approach, such as extended Kalman filter (EKF) is suitable to the low/medium/high speed condition for PMSM drive. Therefore, to obtain a wide-speed range control from a low speed to a medium/high speed region, combining the aforementioned two approaches - HF signal injection and EKF in sensorless PMSM drive is necessary. In this paper, firstly, the mathematical modeling of PMSM and the rotor estimation algorithms of HFSI and EKF are derived. Secondly, a very high speed IC hardware description language (VHDL) is presented to describe the behavior of the adopted estimation algorithm. Thirdly, to verify the correctness of the designed VHDL code of the adopted estimation algorithm, based on electronic design automation (EDA) simulator link, a co-simulation work is constructed by Simulink and ModelSim which the input stimuli and output responses are run in Simulink and the estimation approach and controller are performed in ModelSim. Finally, some simulation results validate the effectiveness of the proposed sensorless PMSM speed control system.","2016-11","2026-09-09 21:36:08","2026-09-18 20:09:29","2026-09-09 21:36:08","192-195","","","","","","","","","","","IEEE","Tainan, Taiwan","en","","","","","DOI.org (Crossref)","","","","C:\Users\damia\Zotero\storage\EDPYWMEI\Than et al. - 2016 - Digital hardware implementation of a sensorless speed controller for PMSM drives using HF signal inj.pdf","","","","","","","","","","","","","","","","","","","","","","","","","","","","","","","","","","2016 International Conference on Advanced Materials for Science and Engineering (ICAMSE)","","","","","","","","","","","","","","",""
"4QGG7YRS","journalArticle","2016","Ghaouti, Laaredj","Sensorless field oriented control of PMSM based on the extended KALMAN filter observer","PRZEGLĄD ELEKTROTECHNICZNY","","0033-2097","10.15199/48.2016.12.64","http://sigma-not.pl/publikacja-102648-2016-12.html","","2016-12-05","2026-09-09 21:36:14","2026-09-20 19:01:16","2026-09-09 21:36:14","251-256","","12","1","","ELECTROTECHNICAL  REVIEW","","","","","","","","en","","","","","DOI.org (Crossref)","","","","C:\Users\damia\Zotero\storage\YWYP8CTY\Ghaouti - 2016 - Sensorless field oriented control of PMSM based on the extended KALMAN filter observer.pdf","","","","","","","","","","","","","","","","","","","","","","","","","","","","","","","","","","","","","","","","","","","","","","","","",""
"77X2K2YC","journalArticle","","García, Cristián","Unidad 2: Accionamientos no Controlados - Accionamientos Eléctricos","","","","","","","","2026-09-09 21:36:18","2026-09-09 21:36:18","","","","","","","","","","","","","","","es","","","","","Zotero","","","","C:\Users\damia\Zotero\storage\5QZ8WAMZ\García - Unidad 2 Accionamientos no Controlados - Accionamientos Eléctricos.pdf","","","/unread","","","","","","","","","","","","","","","","","","","","","","","","","","","","","","","","","","","","","","","","","","","","","",""
"H954JRFL","journalArticle","","García, Cristián","Unidad 3: Introducción al Control Realimentado - Accionamientos Eléctricos","","","","","","","","2026-09-09 21:36:22","2026-09-09 21:36:23","","","","2","","","","","","","","","","","es","","","","","Zotero","","","","C:\Users\damia\Zotero\storage\UN8CAWXZ\García - Unidad 3 Introducción al Control Realimentado - Accionamientos Eléctricos.pdf","","","/unread","","","","","","","","","","","","","","","","","","","","","","","","","","","","","","","","","","","","","","","","","","","","","",""
"J6YT3EPP","journalArticle","","García, Cristián","Unidad 4: Control de Accionamientos en Lazo Abierto - Accionamientos Eléctricos","","","","","","","","2026-09-09 21:36:26","2026-09-09 21:36:26","","","","2","","","","","","","","","","","es","","","","","Zotero","","","","C:\Users\damia\Zotero\storage\KZCBBG53\García - Unidad 4 Control de Accionamientos en Lazo Abierto - Accionamientos Eléctricos.pdf","","","/unread","","","","","","","","","","","","","","","","","","","","","","","","","","","","","","","","","","","","","","","","","","","","","",""
"75DBZ49D","journalArticle","2026","Wang, Hangjie; Sun, Wei; Jin, Tong; Li, Dawei; Qu, Ronghai","Parameter Robustness Improvement of Hybrid Flux Observer for Low-Speed Sensorless Drive of PMSM","IEEE Transactions on Power Electronics","","0885-8993, 1941-0107","10.1109/TPEL.2025.3635045","https://ieeexplore.ieee.org/document/11261855/","This letter proposes an improved hybrid flux observer (HFO) for sensorless control scheme of permanent magnet synchronous motor (PMSM). The proposed method is robust against stator resistance mismatch, which is the primary factor affecting the performance of the observer at low speed. An compensation angle has been added to the correction part of the current model and voltage model in HFO, in order to reduce errors in the q-axis direction introduced by stator resistance mismatch. The proposed method modifies the characteristic matrix of the observer, resulting in a larger stable operating speed range and better load-carrying capability. Stability proof and parameter tuning method based on small-signal method is also provided. With only one parameter requiring design, the proposed sensorless scheme is simple to implement. The effectiveness of this method is verified by experiments on a 1.0-kW SPMSM (Surface PMSM) drive platform and a 5.2-kW IPMSM (Interior PMSM) drive platform, demonstrating its good generality.","2026-04","2026-09-09 21:36:36","2026-09-19 20:30:20","2026-09-09 21:36:36","4541-4545","","4","41","","IEEE Trans. Power Electron.","","","","","","","","en","https://ieeexplore.ieee.org/Xplorehelp/downloads/license-information/IEEE.html","","","","DOI.org (Crossref)","","","","C:\Users\damia\Zotero\storage\UZCFWBM8\Wang et al. - 2026 - Parameter Robustness Improvement of Hybrid Flux Observer for Low-Speed Sensorless Drive of PMSM.pdf","","","","","","","","","","","","","","","","","","","","","","","","","","","","","","","","","","","","","","","","","","","","","","","","",""
"HTF38LLW","book","2016","Plett, Gregory L.","Battery management systems","","978-1-63081-027-6","","","","","2016","2026-09-09 21:36:43","2026-09-09 21:36:43","","","","","","","","","Artech House Power engineering series","","","","Artech house","Boston","en","","","","","BnF ISBN","621.312","","","","","","/unread","","","","","","","","","","","","","","","","","","","","","","","","","","","","","","","","","","","","","","","","","","","","","",""
"F86QFM92","thesis","2004","De Angelo, Cristian Hernán","Control para máquinas de CA de imanes permanentes con FEM arbitraria, sin sensores mecánicos","","","","10.35537/10915/1357","http://sedici.unlp.edu.ar/handle/10915/1357","New solutions for two permanent magnet AC machines control issues are proposed in this thesis. These issues are: ripple torque minimization and elimination of mechanical speed and/or position sensors.","2004","2026-09-09 21:36:46","2026-09-16 12:30:14","2026-09-09 21:36:46","","","","","","","","","","","","Universidad Nacional de La Plata","","es","http://creativecommons.org/licenses/by/4.0/","Doctor en Ingeniería","","","DOI.org (Crossref)","","","","C:\Users\damia\Zotero\storage\3ISD5I7K\De Angelo - 2004 - Control para máquinas de CA de imanes permanentes con FEM arbitraria, sin sensores mecánicos.pdf","","","","","","","","","","","","","","","","","","","","","","","","","","","","","","","","","","","","","","","","","","","","","","","","",""
"F4D6ZWHC","journalArticle","2019","Wu, Chun-Ju; Tsai, Mi-Ching; Cheng, Lon-Jay","Design and Implementation of Position-Based Repetitive Control Torque Observer for Cogging Torque Compensation in PMSM","Applied Sciences","","2076-3417","10.3390/app10010096","https://www.mdpi.com/2076-3417/10/1/96","In permanent magnet machines, the cogging torque caused by reluctance variations in the air gap may degrade the speed control performance in low speed and will undoubtedly limit its operational range. In order to reduce the cogging torque, this paper proposes a position-based repetitive control observer aiming at cogging torque estimation and further rejection. This new scheme of observer design possesses the capability of repeatedly learning the observed clogging torque in each rotation to achieve higher estimation accuracy. An online/oﬄine feedforward compensation strategy that employs the forgetting factor principle and position-based average generates the cogging torque compensation lookup table learned from the position-based repetitive control observer. To verify the overall control performance of the proposed observed design technique, a hardware in the loop control device is employed, and then an experimental setup with a permanent magnet synchronous motor and its power drive was adopted.","2019-12-20","2026-09-11 13:20:41","2026-09-11 13:20:42","2026-09-11 13:20:41","96","","1","10","","Applied Sciences","","","","","","","","en","","","","","DOI.org (Crossref)","","","","C:\Users\damia\Zotero\storage\76QXDNLY\Wu et al. - 2019 - Design and Implementation of Position-Based Repetitive Control Torque Observer for Cogging Torque Co.pdf","","","/unread","","","","","","","","","","","","","","","","","","","","","","","","","","","","","","","","","","","","","","","","","","","","","",""
"TQHW9T5Q","journalArticle","2025","Xiang, Fuyuan; Yu, Ke; Chen, Congyan; Li, Shihua","Sensorless Control of PMSM Drives Using Octant Newton–Raphson Method and Reduced-Order EKF Considering Speed Reversal and Noise","IEEE Transactions on Power Electronics","","0885-8993, 1941-0107","10.1109/TPEL.2025.3556963","https://ieeexplore.ieee.org/document/10946691/","For back electromotive force-based sensorless control in permanent magnet synchronous motor (PMSM) drives, the conventional phase-locked loop (PLL) exhibits a ±π position estimation error during speed reversal. This article presents an octant Newton–Raphson method (ONRM)-based PLL, which employs a newly deﬁned objective function and a position octant method. It not only ensures the position estimation converges correctly during speed reversal but also improves dynamic performance compared to the conventional PLL. The applicability condition of the ONRM in the presence of noise is also analyzed in detail. Subsequently, due to the noise sensitivity of the ONRM, a reduced-order extended Kalman ﬁlter is designed to ﬁlter out the nonGaussian noise in the position estimation while simultaneously estimating the speed. The effectiveness of the proposed sensorless control scheme is veriﬁed on a 1.5 kW PMSM drive platform.","2025-08","2026-09-11 13:20:47","2026-09-11 13:20:49","2026-09-11 13:20:47","10793-10803","","8","40","","IEEE Trans. Power Electron.","","","","","","","","en","https://ieeexplore.ieee.org/Xplorehelp/downloads/license-information/IEEE.html","","","","DOI.org (Crossref)","","","","C:\Users\damia\Zotero\storage\QM2XQIPL\Xiang et al. - 2025 - Sensorless Control of PMSM Drives Using Octant Newton–Raphson Method and Reduced-Order EKF Consideri.pdf","","","/unread","","","","","","","","","","","","","","","","","","","","","","","","","","","","","","","","","","","","","","","","","","","","","",""
"59DCMGKU","conferencePaper","2024","Sekine, Naohiko; Kubota, Hisao","Suppression of Velocity Pulsations with Resonant Controllers in Sensorless Vector Control of Permanent Magnet Synchronous Motors","2024 27th International Conference on Electrical Machines and Systems (ICEMS)","978-4-88686-440-6","","10.23919/ICEMS60997.2024.10920894","https://ieeexplore.ieee.org/document/10920894/","This paper proposes control methods to suppress periodic velocity pulsations caused by load torque in a rotary compressor during sensorless field-oriented control (FOC) of an interior permanent magnet synchronous motor (IPMSM). A primary contribution of this work is the introduction of two types of resonant controllers into the speed control system. These controllers effectively mitigate the periodic velocity pulsations caused by the fundamental and second harmonic components of the compressor's load torque. Stability analysis, where the dominant poles of the proposed sensorless control systems are determined at various speeds, demonstrates that the systems are internally stable over a wide speed range. Experimental results validate the suggested systems’ effectiveness in suppressing the periodic velocity pulsations by evaluating both steady-state and transient responses.","2024-11-26","2026-09-11 13:20:54","2026-09-16 13:59:08","2026-09-11 13:20:54","524-531","","","","","","","","","","","IEEE","Fukuoka, Japan","en","https://doi.org/10.15223/policy-029","","","","DOI.org (Crossref)","","","","C:\Users\damia\Zotero\storage\WEWTS88K\Sekine y Kubota - 2024 - Suppression of Velocity Pulsations with Resonant Controllers in Sensorless Vector Control of Permane.pdf","","","","","","","","","","","","","","","","","","","","","","","","","","","","","","","","","","2024 27th International Conference on Electrical Machines and Systems (ICEMS)","","","","","","","","","","","","","","",""
"QYWR7S5G","journalArticle","2025","Sangeetha, Elango; Ramachandran, Vijaya Priya","Speed and current harmonics reduction using an adaptive proportional integral resonant controller for PMSM based electric vehicle drives","Scientific Reports","","2045-2322","10.1038/s41598-025-09981-1","https://www.nature.com/articles/s41598-025-09981-1","Abstract             The use of permanent magnet synchronous machine (PMSM) in vehicle propulsion systems is growing in prominence. The machines provide greater torque density and efficiency as a result of PMSM pre-excitation. However, because of their poor torsional vibration dampening, their intrinsic torque ripple may provide a challenge for electric vehicles (EVs) and degrade passenger comfort. This may prohibit the utilization of PMSM to increase the energy economy of vehicles. This paper proposed a speed-current adaptive proportional-integral-resonant (PIR) control strategy to reduce periodic torque harmonics and provide smooth speed control of the PMSM drive system. The effects of several non-ideal components on speed and current components are analyzed according to their location in the system. The components include rotor flux harmonics, cogging torque, inaccurate current measurement including offset error and scaling error, and inverter dead time error, these components all lead to periodic torque harmonics. In order to determine the best phase adjustment parameters for the resonant item to minimize speed-torque harmonics and ensure system stability, stability analysis is carried out to take into account the delays brought on by the current loop and speed loop. Consequently, the PMSM drive system’s stability, overall performance, and efficiency are enhanced due to the decreased harmonics in the speed and current loop. Ultimately, the findings of the simulation and real-time simulator utilizing the OPAL-RT OP5700 platform show that the proposed adaptive PIR control method successfully lowers the periodic speed-current harmonics THD values of the PMSM drive when compared to conventional control strategies. The proposed control system is more stable and efficient as a result of lower THD values.","2025-07-22","2026-09-11 13:21:02","2026-09-11 13:21:03","2026-09-11 13:21:02","26514","","1","15","","Sci Rep","","","","","","","","en","","","","","DOI.org (Crossref)","","","","C:\Users\damia\Zotero\storage\BV5TRM7K\Sangeetha y Ramachandran - 2025 - Speed and current harmonics reduction using an adaptive proportional integral resonant controller fo.pdf","","","/unread","","","","","","","","","","","","","","","","","","","","","","","","","","","","","","","","","","","","","","","","","","","","","",""
"K6I2Z6B2","journalArticle","2025","Bai, Xiyue; Huang, Weiguang; Gao, Chuang; Wu, Yingna","Sensorless Control of Ultra-High-Speed PMSM via Improved PR and Adaptive Position Observer","Sensors","","1424-8220","10.3390/s25051290","https://www.mdpi.com/1424-8220/25/5/1290","To improve the precision of the position and speed estimation in ultra-high-speed (UHS) permanent magnet synchronous motors (PMSM) without position sensors, multiple refinements to the traditional extended electromotive force (EEMF) estimation algorithm are proposed in this paper. The key improvements include discretization compensation, high-frequency harmonic filtering, and the real-time adjustment of the phase-locked loop (PLL) bandwidth. Firstly, a discrete model is introduced to address EMF cross-coupling issues. Secondly, an improved proportional resonant (IPR) controller eliminating static errors is utilized in place of the conventional proportional-integral (PI) controller and low-pass filter (LPF) to enable precise electromotive force extraction, effectively filtering high-frequency harmonics that arise in low carrier ratio conditions. Based on a standard PR design, the IPR controller offers a streamlined calculation for target leading angles in delay compensation schemes to effectively mitigate discretization and delay errors. Additionally, an adaptive phase-locked loop (AQPLL) dynamically adjusts its bandwidth during acceleration to balance noise rejection and phase delay, reducing position estimation errors and optimizing torque. Simulations and experimental analyses on a motor (90,000 rpm, 30 kW) validate the effectiveness of the proposed sensorless driving techniques and demonstrate enhanced performance in position and velocity estimation, compared to the conventional EEMF approach.","2025-02-20","2026-09-11 13:21:06","2026-09-19 20:28:25","2026-09-11 13:21:06","1290","","5","25","","Sensors","","","","","","","","en","","","","","DOI.org (Crossref)","","","","C:\Users\damia\Zotero\storage\F2WD62IQ\Bai et al. - 2025 - Sensorless Control of Ultra-High-Speed PMSM via Improved PR and Adaptive Position Observer.pdf","","","","","","","","","","","","","","","","","","","","","","","","","","","","","","","","","","","","","","","","","","","","","","","","",""
"BF96HX3B","conferencePaper","2025","Wang, Jieqiong; Liu, Bin; Fransson, Peter; Norrlof, Mikael","Torque Ripple Minimization of PMSM Using Resonant Controller in Robot Applications","2025 IEEE International Conference on Mechatronics and Automation (ICMA)","979-8-3315-1426-6","","10.1109/ICMA65362.2025.11120791","https://ieeexplore.ieee.org/document/11120791/","Torque ripples in Permanent Magnet Synchronous Motors (PMSMs) are a significant challenge in high-precision applications, as it limits servo control accuracy and speed stability. A novel scheme is proposed to minimize torque ripples by a resonant controller based on speed harmonic minimization in this paper. This scheme leverages the relationship between speed harmonics and injected voltage harmonics, where the voltage harmonics are directly generated by the speed resonant controller responding to the detected speed harmonics. Compared to stateof-the-art methods for reducing torque ripple, the proposed scheme is simpler to implement in robotic systems, as it abandoned current harmonic compensation link and does not depend on specific motor parameters or motor control parameters. It has been simulated and experimentally validated under two test benches. The results demonstrate that the proposed scheme enhances servo system control accuracy.","2025-08-03","2026-09-11 13:21:11","2026-09-11 13:21:13","2026-09-11 13:21:11","408-413","","","","","","","","","","","IEEE","Beijing, China","en","https://doi.org/10.15223/policy-029","","","","DOI.org (Crossref)","","","","C:\Users\damia\Zotero\storage\V8UAWHVQ\Wang et al. - 2025 - Torque Ripple Minimization of PMSM Using Resonant Controller in Robot Applications.pdf","","","/unread","","","","","","","","","","","","","","","","","","","","","","","","","","","","","","","2025 IEEE International Conference on Mechatronics and Automation (ICMA)","","","","","","","","","","","","","","",""
"HZMPHCAI","journalArticle","2022","Rafaq, M. S.; Midgley, W.; Steffen, T.","Proportional-integral-resonant control for the periodic disturbance minimization of the PMSM","IET Conference Proceedings","","2732-4494","10.1049/icp.2022.1054","http://digital-library.theiet.org/doi/10.1049/icp.2022.1054","This paper presents the periodic disturbance minimization technique by using the proportional-integral-resonant (PIR) control scheme for the permanent magnet synchronous motors (PMSM). Flux harmonics, cogging torque, and the current sampling errors are the prominent sources of the periodic disturbances in the PMSM. The conventional proportional-integral (PI) control scheme is widely employed in the cascaded control structure to regulate the PMSM for the specified speed and control references. However, the conventional PI controllers cannot effectively minimize the periodic disturbances which produce the speed and torque ripples. Therefore, the resonant controller is coupled with the PI controller in the current control loop to minimize the periodic disturbances of the PMSM. The bandwidth of the resonant controllers is determined by the selection of the suitable gains by using the bode plot analysis. In addition, the impact of the speed change on the bandwidth of the resonant controllers is also investigated in detail by using the bode plot analysis. Finally, the comparative results of the conventional PI controller are compared with the proposed PIR current control to highlight its control efficacy. The simulation results demonstrate the better performance of the PIR control for the wide operating range compared to the conventional PI controller.","2022-07-05","2026-09-11 13:21:15","2026-09-11 13:21:17","2026-09-11 13:21:15","240-244","","4","2022","","IET Conf. Proc.","","","","","","","","en","","","","","DOI.org (Crossref)","","","","C:\Users\damia\Zotero\storage\I4YHUKLA\Rafaq et al. - 2022 - Proportional-integral-resonant control for the periodic disturbance minimization of the PMSM.pdf","","","/unread","","","","","","","","","","","","","","","","","","","","","","","","","","","","","","","","","","","","","","","","","","","","","",""
"P7DVJCBQ","journalArticle","2017","Nam, Kyung-Tae; Kim, Hyungjong; Lee, Seung-Joon; Kuc, Tae-Yong","Observer-Based Rejection of Cogging Torque Disturbance for Permanent Magnet Motors","Applied Sciences","","2076-3417","10.3390/app7090867","https://www.mdpi.com/2076-3417/7/9/867","In order to prove the speed regulation for permanent magnet motor systems, a control method is proposed to reject the disturbance by cogging torque, which arises from the interaction of the rotor magnets with the steel teeth on the stator. Toward this aim, we present a state observer with an internal model which has harmonics of sinusoids, and it follows from the proposed observer that the information of the cogging disturbance is obtained. It shows that the disturbance is efﬁciently compensated by a suitable additional control input based on the estimated information. Simulation and experimental results with an actual permanent magnet motor verify the effectiveness of the proposed observer-based algorithm.","2017-08-25","2026-09-19 23:59:17","2026-09-20 18:17:03","2026-09-19 23:59:17","867","","9","7","","Applied Sciences","","","","","","","","en","","","","","DOI.org (Crossref)","","","","C:\Users\damia\Zotero\storage\MJFZ5BGX\Nam et al. - 2017 - Observer-Based Rejection of Cogging Torque Disturbance for Permanent Magnet Motors.pdf","","","","","","","","","","","","","","","","","","","","","","","","","","","","","","","","","","","","","","","","","","","","","","","","",""
"L8L8X8IK","journalArticle","2019","Wu, Chun-Ju; Tsai, Mi-Ching; Cheng, Lon-Jay","Design and Implementation of Position-Based Repetitive Control Torque Observer for Cogging Torque Compensation in PMSM","Applied Sciences","","2076-3417","10.3390/app10010096","https://www.mdpi.com/2076-3417/10/1/96","In permanent magnet machines, the cogging torque caused by reluctance variations in the air gap may degrade the speed control performance in low speed and will undoubtedly limit its operational range. In order to reduce the cogging torque, this paper proposes a position-based repetitive control observer aiming at cogging torque estimation and further rejection. This new scheme of observer design possesses the capability of repeatedly learning the observed clogging torque in each rotation to achieve higher estimation accuracy. An online/oﬄine feedforward compensation strategy that employs the forgetting factor principle and position-based average generates the cogging torque compensation lookup table learned from the position-based repetitive control observer. To verify the overall control performance of the proposed observed design technique, a hardware in the loop control device is employed, and then an experimental setup with a permanent magnet synchronous motor and its power drive was adopted.","2019-12-20","2026-09-19 23:59:25","2026-09-20 17:23:32","2026-09-19 23:59:25","96","","1","10","","Applied Sciences","","","","","","","","en","","","","","DOI.org (Crossref)","","","","C:\Users\damia\Zotero\storage\UX8H4AA8\Wu et al. - 2019 - Design and Implementation of Position-Based Repetitive Control Torque Observer for Cogging Torque Co.pdf","","","","","","","","","","","","","","","","","","","","","","","","","","","","","","","","","","","","","","","","","","","","","","","","",""
"F28DY3B6","journalArticle","2022","Hu, Mingjin; Hua, Wei; Wang, Zuo; Li, Shihua; Wang, Peixin; Wang, Yuchen","Selective Periodic Disturbance Elimination Using Extended Harmonic State Observer for Smooth Speed Control in PMSM Drives","IEEE Transactions on Power Electronics","","0885-8993, 1941-0107","10.1109/TPEL.2022.3187125","https://ieeexplore.ieee.org/document/9810524/","The elimination of periodic torque disturbance in permanent magnet synchronous machine (PMSM) drives is a multifrequency control task, and adding resonant parts to the controller has an impact on the robustness of the system. This article aims to address the torque-ripple reduction in PMSM drives for smooth speed control, where an extended harmonic state observer (EHSO) is designed for estimation and attenuation of the selective periodic disturbance. The defects of applying the conventional bandwidthparameterization method to the harmonic disturbance observer are explored. To improve the disturbance-rejection capability and the relative stability, a pole-placement strategy is proposed and analyzed through sensitivity function, which can preserve the comparable dynamic performance as the conventional extended state observer at the low-frequency range. The proposed EHSO also features easy parameter tuning and a modular structure for multiple harmonic disturbance rejection. Finally, the proposed method is evaluated on a laboratory PMSM platform.","2022-11","2026-09-20 17:06:56","2026-09-20 18:17:03","2026-09-20 17:06:56","13288-13298","","11","37","","IEEE Trans. Power Electron.","","","","","","","","en","https://ieeexplore.ieee.org/Xplorehelp/downloads/license-information/IEEE.html","","","","DOI.org (Crossref)","","","","C:\Users\damia\Zotero\storage\SYFS27A7\Hu et al. - 2022 - Selective Periodic Disturbance Elimination Using Extended Harmonic State Observer for Smooth Speed C.pdf","","","","","","","","","","","","","","","","","","","","","","","","","","","","","","","","","","","","","","","","","","","","","","","","",""
"3KVXWD64","conferencePaper","2002","Bolognani, S.; Tubiana, L.; Zigliotto, M.","EKF-based sensorless IPM synchronous motor drive for flux-weakening applications","Conference Record of the 2002 IEEE Industry Applications Conference. 37th IAS Annual Meeting (Cat. No.02CH37344)","978-0-7803-7420-1","","10.1109/IAS.2002.1044075","http://ieeexplore.ieee.org/document/1044075/","The paper deals with the experimental realisation of a sensorless interior permanent magnet (IPM) synchronous motor drive. The motor has been specifically designed to get a wide fluxweakening region, to minimise the drive power rating in spite of a wide speed range. Position and angular speed of the rotor are obtained through an Extended Kalman Filter (EKF). The estimation algorithm requires neither the knowledge of the mechanical parameters, nor the initial rotor position. In the paper, particular emphasis is placed on control algorithms, that are complicated by the motor anisotropy and that have been specifically studied to enhance the overall system performance.","2002","2026-09-21 01:27:07","2026-09-21 01:27:08","2026-09-21 01:27:07","112-119","","","1","","","","","","","","IEEE","Pittsburgh, PA, USA","en","","","","","DOI.org (Crossref)","","","","C:\Users\damia\Zotero\storage\44MSBLQV\Bolognani et al. - 2002 - EKF-based sensorless IPM synchronous motor drive for flux-weakening applications.pdf","","","/unread","","","","","","","","","","","","","","","","","","","","","","","","","","","","","","","2002 IEEE Industry Applications Society Annual Meeting","","","","","","","","","","","","","","",""
"62GKKTZI","journalArticle","2016","Chen, Wen-Hua; Yang, Jun; Guo, Lei; Li, Shihua","Disturbance-Observer-Based Control and Related Methods—An Overview","IEEE Transactions on Industrial Electronics","","0278-0046, 1557-9948","10.1109/TIE.2015.2478397","http://ieeexplore.ieee.org/document/7265050/","Disturbance-observer-based control (DOBC) and related methods have been researched and applied in various industrial sectors in the last four decades. This survey, at ﬁrst time, gives a systematic and comprehensive tutorial and summary on the existing disturbance/ uncertainty estimation and attenuation techniques, most notably, DOBC, active disturbance rejection control, disturbance accommodation control, and composite hierarchical antidisturbance control. In all of these methods, disturbance and uncertainty are, in general, lumped together, and an observation mechanism is employed to estimate the total disturbance. This paper ﬁrst reviews a number of widely used linear and nonlinear disturbance/uncertainty estimation techniques and then discusses and compares various compensation techniques and the procedures of integrating disturbance/uncertainty compensation with a (predesigned) linear/nonlinear controller. It also provides concise tutorials of the main methods in this area with clear descriptions of their features. The application of this group of methods in various industrial sections is reviewed, with emphasis on the commercialization of some algorithms. The survey is ended with the discussion of future directions.","2016-02","2026-09-21 01:27:11","2026-09-21 01:27:12","2026-09-21 01:27:11","1083-1095","","2","63","","IEEE Trans. Ind. Electron.","","","","","","","","en","https://creativecommons.org/licenses/by/3.0/legalcode","","","","DOI.org (Crossref)","","","","C:\Users\damia\Zotero\storage\IM76ZD6A\Chen et al. - 2016 - Disturbance-Observer-Based Control and Related Methods—An Overview.pdf","","","/unread","","","","","","","","","","","","","","","","","","","","","","","","","","","","","","","","","","","","","","","","","","","","","",""
"3GPPPQWG","journalArticle","2003","Bolognani, S.; Tubiana, L.; Zigliotto, M.","Extended kalman filter tuning in sensorless PMSM drives","IEEE Transactions on Industry Applications","","0093-9994","10.1109/TIA.2003.818991","http://ieeexplore.ieee.org/document/1248259/","The use of an extended Kalman filter (EKF) as a nonlinear speed and position observer for permanent-magnet synchronous motor drives is a mature research topic. Notwithstanding, the shift from research prototype to a market-ready product still calls for a solution to some implementation pitfalls. The major and still unsolved topic is the choice of the EKF covariance matrices. This paper replaces the usual trial-and-error method with a straightforward matrices choice. These matrices, possibly combined with a novel self-tuning procedure, should put the EKF drive much closer to an off-the-shelf product. The proposed method is based on the complete normalization of the EKF algorithm representation. Successful experimental results are included in the paper.","2003-11","2026-09-21 01:27:14","2026-09-21 01:27:15","2026-09-21 01:27:14","1741-1747","","6","39","","IEEE Trans. on Ind. Applicat.","","","","","","","","en","https://ieeexplore.ieee.org/Xplorehelp/downloads/license-information/IEEE.html","","","","DOI.org (Crossref)","","","","C:\Users\damia\Zotero\storage\TS4TP46E\Bolognani et al. - 2003 - Extended kalman filter tuning in sensorless PMSM drives.pdf","","","/unread","","","","","","","","","","","","","","","","","","","","","","","","","","","","","","","","","","","","","","","","","","","","","",""
"L3DEKKWX","journalArticle","2013","Zgorski, A.; Lin-Shi, X.; Gauthier, J.Y.","Sensorless Position Control for Surface Permanent Magnet Synchronous Motors at Zero Speed and Acceleration","IFAC Proceedings Volumes","","14746670","10.3182/20130703-3-FR-4038.00084","https://linkinghub.elsevier.com/retrieve/pii/S1474667016329329","This paper proposes a position, speed and load torque observation technique for position control of a non-salient Permanent Magnet Synchronous Motor (PMSM). Unlike the speed control, the position control implies that the motor is often in low speed and standstill conditions. Observability analyze is done to show that the motor is not observable in standstill condition. A high-frequency signal injection is introduced to get round this unobservability. An Extended Kalman Filter is then used to observe the rotor position, speed and load torque by taking into account the injected signal into the observation model. Position tracking and load torque influence are studied on a test bench. Experimental results are provided to confirm the performance and efficiency of the proposed solution.","2013","2026-09-21 01:27:18","2026-09-21 01:27:18","2026-09-21 01:27:17","122-127","","11","46","","IFAC Proceedings Volumes","","","","","","","","en","","","","","DOI.org (Crossref)","","","","C:\Users\damia\Zotero\storage\XR9XYLRM\Zgorski et al. - 2013 - Sensorless Position Control for Surface Permanent Magnet Synchronous Motors at Zero Speed and Accele.pdf","","","/unread","","","","","","","","","","","","","","","","","","","","","","","","","","","","","","","","","","","","","","","","","","","","","",""
"JW8WFTL2","journalArticle","2023","Wilcken, Nils; Grotjahn, Martin","Rotor Position Estimation for Permanent Magnet Synchronous Machines using Electromotive Force and Anisotropy Using Extended-Kalman-Filter","Forschung im Ingenieurwesen","","0015-7899, 1434-0860","10.1007/s10010-023-00660-z","https://link.springer.com/10.1007/s10010-023-00660-z","In this paper a new rotor position observer for permanent magnet synchronous machines (PMSM) based on an Extended-Kalman-Filter (EKF) is presented. With this method, just one single EKF is sufﬁcent to evaluate the position information from electromotive force (EMF) and anisotropy. Thus, the PMSM can be controlled for the entire speed range without a position sensor and without the need to switch or synchronize between different observers. The approach covers online estimation of permanent magnetic ﬁeld and mechanical load. The resulting EKF-based rotor position estimator is embedded in the existing cascaded control concept of the PMSM without need of additional angle trackers or signal ﬁlters. The experimental validation for the position sensorless control shows optimized dynamic behaviour.","2023-06","2026-09-21 01:27:21","2026-09-21 01:27:21","2026-09-21 01:27:21","767-776","","2","87","","Forsch Ingenieurwes","","","","","","","","en","","","","","DOI.org (Crossref)","","","","C:\Users\damia\Zotero\storage\BZ49HGYS\Wilcken y Grotjahn - 2023 - Rotor Position Estimation for Permanent Magnet Synchronous Machines using Electromotive Force and An.pdf","","","/unread","","","","","","","","","","","","","","","","","","","","","","","","","","","","","","","","","","","","","","","","","","","","","",""
"AQ7LMA27","journalArticle","2000","Petrovic, V.; Ortega, R.; Stankovic, A.M.; Tadmor, G.","Design and implementation of an adaptive controller for torque ripple minimization in PM synchronous motors","IEEE Transactions on Power Electronics","","0885-8993, 1941-0107","10.1109/63.867676","https://ieeexplore.ieee.org/document/867676/","This paper addresses the problem of torque ripple minimization in Permanent Magnet Synchronous Motors (PMSMs) and proposes an adaptive feedback structure as a solution. A model of PMSM that includes a torque ripple phenomenon is first developed and tested. While slightly different from the conventional one, our model is still compact and suitable for control. All parameters of the model have physical interpretation, and can either be measured directly or estimated in a numerically reliable procedure. An adaptive control algorithm is then described, enabling speed tracking while minimizing the torque ripple. Finally, the proposed algorithm is verified in simulations and implemented in a hardware setup. Experimental results show significant reduction of torque ripple (by 27 dB). Extensive analysis and simulations of hardware imposed limitations were performed as well, revealing and quantifying the issues that might affect practical ripple minimization performance.","2000-09","2026-09-21 01:27:24","2026-09-21 01:27:26","2026-09-21 01:27:24","871-880","","5","15","","IEEE Trans. Power Electron.","","","","","","","","en","https://ieeexplore.ieee.org/Xplorehelp/downloads/license-information/IEEE.html","","","","DOI.org (Crossref)","","","","C:\Users\damia\Zotero\storage\R5YZJ6AX\Petrovic et al. - 2000 - Design and implementation of an adaptive controller for torque ripple minimization in PM synchronous.pdf","","","/unread","","","","","","","","","","","","","","","","","","","","","","","","","","","","","","","","","","","","","","","","","","","","","",""
"3UB4NH4S","journalArticle","1999","Young-Hoon Kim; In-Joong Ha","A learning approach to precision speed control of servomotors and its application to a VCR","IEEE Transactions on Control Systems Technology","","10636536","10.1109/87.772162","http://ieeexplore.ieee.org/document/772162/","This paper describes a learning control method that gives a low-cost solution to the high-precision speed regulation problem for servomotors in the presence of unknown and unstructured disturbance torque. The highlight of the learning control method is a “functional” update strategy based on steadystate oscillations of speed error. To show the generality of our work, we mathematically characterize the steady-state properties of the proposed learning system and then give a rigorous analysis for the convergence of the proposed update scheme. Furthermore, our experimental results using a commercial home-use VCR show that the proposed learning control method can be implemented at a low cost but can remarkably reduce the speed error.","1999-07","2026-09-21 01:27:29","2026-09-21 01:27:30","2026-09-21 01:27:29","466-477","","4","7","","IEEE Trans. Contr. Syst. Technol.","","","","","","","","en","https://ieeexplore.ieee.org/Xplorehelp/downloads/license-information/IEEE.html","","","","DOI.org (Crossref)","","","","C:\Users\damia\Zotero\storage\GS63VEU9\Young-Hoon Kim y In-Joong Ha - 1999 - A learning approach to precision speed control of servomotors and its application to a VCR.pdf","","","/unread","","","","","","","","","","","","","","","","","","","","","","","","","","","","","","","","","","","","","","","","","","","","","",""
"TQ3VS5U9","journalArticle","2022","Hu, Mingjin; Hua, Wei; Wang, Zuo; Li, Shihua; Wang, Peixin; Wang, Yuchen","Selective Periodic Disturbance Elimination Using Extended Harmonic State Observer for Smooth Speed Control in PMSM Drives","IEEE Transactions on Power Electronics","","0885-8993, 1941-0107","10.1109/TPEL.2022.3187125","https://ieeexplore.ieee.org/document/9810524/","The elimination of periodic torque disturbance in permanent magnet synchronous machine (PMSM) drives is a multifrequency control task, and adding resonant parts to the controller has an impact on the robustness of the system. This article aims to address the torque-ripple reduction in PMSM drives for smooth speed control, where an extended harmonic state observer (EHSO) is designed for estimation and attenuation of the selective periodic disturbance. The defects of applying the conventional bandwidthparameterization method to the harmonic disturbance observer are explored. To improve the disturbance-rejection capability and the relative stability, a pole-placement strategy is proposed and analyzed through sensitivity function, which can preserve the comparable dynamic performance as the conventional extended state observer at the low-frequency range. The proposed EHSO also features easy parameter tuning and a modular structure for multiple harmonic disturbance rejection. Finally, the proposed method is evaluated on a laboratory PMSM platform.","2022-11","2026-09-21 01:27:34","2026-09-21 01:27:35","2026-09-21 01:27:34","13288-13298","","11","37","","IEEE Trans. Power Electron.","","","","","","","","en","https://ieeexplore.ieee.org/Xplorehelp/downloads/license-information/IEEE.html","","","","DOI.org (Crossref)","","","","C:\Users\damia\Zotero\storage\AKA4FG77\Hu et al. - 2022 - Selective Periodic Disturbance Elimination Using Extended Harmonic State Observer for Smooth Speed C.pdf","","","/unread","","","","","","","","","","","","","","","","","","","","","","","","","","","","","","","","","","","","","","","","","","","","","",""
"8CRRB7SQ","journalArticle","","Janiszewski, Dariusz","Extended Kalman Filter Based Speed Sensorless PMSM Control with Load Reconstruction","","","","","","This paper describes a study and experimental verification of sensorless control of Permanent Magnet Synchronous Motor. This structure bases on the extended Kalman filter theory using only the measurement of the motor current for on-line estimation of speed, rotor position and load torque reconstruction. Control structure such as Kalman filtering, in real time requires a very fast signal processor in special way, adapted to perform complex mathematical calculations. The Digital Signal Processors have become cheaper and their performance greater. Without using position and torque sensors, it has become possible to apply described control structure as a cost-effective solution.","","2026-09-21 01:27:38","2026-09-21 01:27:39","","","","","","","","","","","","","","","en","","","","","Zotero","","","","C:\Users\damia\Zotero\storage\DX2MS8RR\Janiszewski - Extended Kalman Filter Based Speed Sensorless PMSM Control with Load Reconstruction.pdf","","","/unread","","","","","","","","","","","","","","","","","","","","","","","","","","","","","","","","","","","","","","","","","","","","","",""
"CLQCX5JI","journalArticle","2024","Horváth, Krisztián","Position sensorless extended and unscented Kalman filters with permanent magnet flux linkage and load torque estimation for surface-mounted PMSM","Automatika","","0005-1144, 1848-3380","10.1080/00051144.2024.2354643","https://www.tandfonline.com/doi/full/10.1080/00051144.2024.2354643","In this paper, novel position sensorless state estimators with improved robustness to permanent magnet (PM) flux linkage variations in permanent magnet synchronous machines (PMSMs) are presented. Unlike state estimators using conventional infinite inertia or electromechanical models, the estimators presented here can also estimate the PM flux linkage, so they are not sensitive to its uncertainty. For each models used for state estimation, a detailed observability study is presented. Due to the nonlinear models, extended and unscented Kalman filter algorithms are used for the implementation. To compare the sensitivity of conventional and proposed state estimators to uncertainty in electrical parameters, numerical simulations are carried out. In addition, the computational burden of the estimators is compared by real-time execution.","2024-07-02","2026-09-21 01:27:43","2026-09-21 01:27:44","2026-09-21 01:27:43","1201-1212","","3","65","","Automatika","","","","","","","","en","","","","","DOI.org (Crossref)","","","","C:\Users\damia\Zotero\storage\7KJYAXUI\Horváth - 2024 - Position sensorless extended and unscented Kalman filters with permanent magnet flux linkage and loa.pdf","","","/unread","","","","","","","","","","","","","","","","","","","","","","","","","","","","","","","","","","","","","","","","","","","","","",""